condition_id,wallet
0xf2ce8d3897ac5009a131637d3575f1f91c579bd08eecce6ae2b2da0f32bbe6f1,0x14a1147ae7d206b835c1ee8f901e4e2eec111149
0xf2ce8d3897ac5009a131637d3575f1f91c579bd08eecce6ae2b2da0f32bbe6f1,0x14a59f32a74e0ecef79a282d511d6b87f124fa53
0x293fb49f43b12631ec4ad0617d9c0efc0eacce33416ef16f68521427daca1678,0x301f66bc749322894cace8646aa8b881664222f2
0xf2ce8d3897ac5009a131637d3575f1f91c579bd08eecce6ae2b2da0f32bbe6f1,0x59fdd285d7bed82429be4e40c3364d8e00d3e030
0xf2ce8d3897ac5009a131637d3575f1f91c579bd08eecce6ae2b2da0f32bbe6f1,0x06a9c50ef909e3b2960a003f7a93551018983b80
0xf2ce8d3897ac5009a131637d3575f1f91c579bd08eecce6ae2b2da0f32bbe6f1,0x5a46a742145cd8a081dbd5bea978516093886200
0xf2ce8d3897ac5009a131637d3575f1f91c579bd08eecce6ae2b2da0f32bbe6f1,0x21285234859c1b7f0f519aeca3c86bba4c6eb3d3
0xf2ce8d3897ac5009a131637d3575f1f91c579bd08eecce6ae2b2da0f32bbe6f1,0x6622f5e63b80a056ae08416abf20014142f092c2
0xf2ce8d3897ac5009a131637d3575f1f91c579bd08eecce6ae2b2da0f32bbe6f1,0x4ade45c6b2e55ec42114ea2c759eeba87d72e39f
0xf2ce8d3897ac5009a131637d3575f1f91c579bd08eecce6ae2b2da0f32bbe6f1,0x3057133e6ee28d8186ac941daa0ee76aca83f971
0xf2ce8d3897ac5009a131637d3575f1f91c579bd08eecce6ae2b2da0f32bbe6f1,0x9b56420ad5411b64b38ed1b6d2602143404d2f46
0xf2ce8d3897ac5009a131637d3575f1f91c579bd08eecce6ae2b2da0f32bbe6f1,0x4b18b339a41f6231b3ded68a8e3edf2f98906c4c
0xf2ce8d3897ac5009a131637d3575f1f91c579bd08eecce6ae2b2da0f32bbe6f1,0x4b8f9b76b339e276a6cc4129c08f4015c6494a0f
0xbff3fad6e9c96b6e3714c52e6d916b1ffb0f52cdfdb77c7fb153a8ef1ebff608,0xb6fa57039ea79185895500dbd0067c288594abcf
0xf2ce8d3897ac5009a131637d3575f1f91c579bd08eecce6ae2b2da0f32bbe6f1,0x8268079a8f278a1b4e9bbd7df025d53548fe211d
0x293fb49f43b12631ec4ad0617d9c0efc0eacce33416ef16f68521427daca1678,0x05593267aef3b38b11a04f9be65ddb8d1bacbe32
0xf2ce8d3897ac5009a131637d3575f1f91c579bd08eecce6ae2b2da0f32bbe6f1,0x5a560d135484258aa509f6720d31c4ed24f0adab
0x293fb49f43b12631ec4ad0617d9c0efc0eacce33416ef16f68521427daca1678,0x01014aa3d957f1cdc6744aebe0cb1618835627c8
0xf2ce8d3897ac5009a131637d3575f1f91c579bd08eecce6ae2b2da0f32bbe6f1,0x9091bfaec884e9a8adcc3e2561086c474a127557
0xf2ce8d3897ac5009a131637d3575f1f91c579bd08eecce6ae2b2da0f32bbe6f1,0x05699d646d995c7aeea479f9aaf30ec339bc7cfc
0xf2ce8d3897ac5009a131637d3575f1f91c579bd08eecce6ae2b2da0f32bbe6f1,0x5a9ed9a7dc451931daf63c831d9c3704260b83d9
0xf2ce8d3897ac5009a131637d3575f1f91c579bd08eecce6ae2b2da0f32bbe6f1,0x027a422d069cde53d7ff6baf4ed3212d7a23ea13
0xf2ce8d3897ac5009a131637d3575f1f91c579bd08eecce6ae2b2da0f32bbe6f1,0x9a1720a6fa17107b22e24970c9dbaa8c8cce0fd6
0xf2ce8d3897ac5009a131637d3575f1f91c579bd08eecce6ae2b2da0f32bbe6f1,0x06084bb1b910d6620a49a56dbfae81736e766ea0
0xf2ce8d3897ac5009a131637d3575f1f91c579bd08eecce6ae2b2da0f32bbe6f1,0x6699454f4eabfefd858ae35bbdd335d1bdc1e8a6
0x293fb49f43b12631ec4ad0617d9c0efc0eacce33416ef16f68521427daca1678,0x0303c27675c346e6292ec3d842219f2a73974c3f
0xf2ce8d3897ac5009a131637d3575f1f91c579bd08eecce6ae2b2da0f32bbe6f1,0x0615e96702670de5e446c75487503678af63c556
0xf2ce8d3897ac5009a131637d3575f1f91c579bd08eecce6ae2b2da0f32bbe6f1,0x669e917835291b45013ed3616606ca3c08c4ee63
0xf2ce8d3897ac5009a131637d3575f1f91c579bd08eecce6ae2b2da0f32bbe6f1,0x03e786b6e5c9b29d9d93fb84ff58d50be68b9948
0xf2ce8d3897ac5009a131637d3575f1f91c579bd08eecce6ae2b2da0f32bbe6f1,0x03e9a3daad79066b6a456a62d32358182ce738fd
0xfc4453f83b30fdad8ac707b7bd11309aa4c4c90d0c17ad0c4680d4142d4471f7,0x0e04ef62fce49077d8e6fbf2cce77fd11a0245ef
0xf2ce8d3897ac5009a131637d3575f1f91c579bd08eecce6ae2b2da0f32bbe6f1,0x062c1a34b50309d1481361a6a4aafd58c7cd6159
0xfc4453f83b30fdad8ac707b7bd11309aa4c4c90d0c17ad0c4680d4142d4471f7,0x062c1a34b50309d1481361a6a4aafd58c7cd6159
0xf2ce8d3897ac5009a131637d3575f1f91c579bd08eecce6ae2b2da0f32bbe6f1,0x9ae74cf362da77fdf8bb072765db908a540cdc52
0xce733629b3b1bea0649c9c9433401295eb8e1ba6d572803cb53446c93d28cd44,0x040f9c05080c9224e2c9127f2fc3dc5f194a807e
0x293fb49f43b12631ec4ad0617d9c0efc0eacce33416ef16f68521427daca1678,0x0effcee2b6f59593858ac3265fe5b21daf0d6c34
0xf2ce8d3897ac5009a131637d3575f1f91c579bd08eecce6ae2b2da0f32bbe6f1,0x063539a0265408707d8415bad8ac39e5bdd504c0
0xf2ce8d3897ac5009a131637d3575f1f91c579bd08eecce6ae2b2da0f32bbe6f1,0x9b0b60aa0a1df93202f996860342fd5607815e43
0xf2ce8d3897ac5009a131637d3575f1f91c579bd08eecce6ae2b2da0f32bbe6f1,0x0477cfb75c0ba1f20ebbebdc5b3b6b2325f65de1
0xf2ce8d3897ac5009a131637d3575f1f91c579bd08eecce6ae2b2da0f32bbe6f1,0x0f9ef2351ed1f5e9857351049b4b75ef706c77d1
0xf2ce8d3897ac5009a131637d3575f1f91c579bd08eecce6ae2b2da0f32bbe6f1,0xc559d413fa985f399b5f087b8d08d314dcc8f960
0xf2ce8d3897ac5009a131637d3575f1f91c579bd08eecce6ae2b2da0f32bbe6f1,0x12ee5ddfdba13ad9894f7e06b7beba16fe86cbc7
0xf2ce8d3897ac5009a131637d3575f1f91c579bd08eecce6ae2b2da0f32bbe6f1,0x049a5415453f4f4470699f689c4cb5c011b1ba57
0xf2ce8d3897ac5009a131637d3575f1f91c579bd08eecce6ae2b2da0f32bbe6f1,0xb74711992caf6d04fa55eecc46b8efc95311b050
0xf2ce8d3897ac5009a131637d3575f1f91c579bd08eecce6ae2b2da0f32bbe6f1,0xcaf8f180d27c867d04ab47f46e297e6790d38e11
0x293fb49f43b12631ec4ad0617d9c0efc0eacce33416ef16f68521427daca1678,0x137ff98578e2043100f1d33abcccdf3a1c44968d
0xf2ce8d3897ac5009a131637d3575f1f91c579bd08eecce6ae2b2da0f32bbe6f1,0x137ff98578e2043100f1d33abcccdf3a1c44968d
0xf2ce8d3897ac5009a131637d3575f1f91c579bd08eecce6ae2b2da0f32bbe6f1,0x04bd15e9e8d3bc0811cdba2c901ee0d732167ab8
0xf2ce8d3897ac5009a131637d3575f1f91c579bd08eecce6ae2b2da0f32bbe6f1,0xb74cc0cd933633394d5ae6401cf649bfb7241008
0x293fb49f43b12631ec4ad0617d9c0efc0eacce33416ef16f68521427daca1678,0xcb1655012006a51cc633e8623ec61313ed6358da
0xf2ce8d3897ac5009a131637d3575f1f91c579bd08eecce6ae2b2da0f32bbe6f1,0x10b30364936b03d26b3fd01a63d1f991454b40d4
0xf2ce8d3897ac5009a131637d3575f1f91c579bd08eecce6ae2b2da0f32bbe6f1,0x2012d39a398ff9c4c3c148a40ce2a79d441aa7bd
0xf2ce8d3897ac5009a131637d3575f1f91c579bd08eecce6ae2b2da0f32bbe6f1,0xea9821a7cd464aa04a833cf06e574354c1b8ce4d
0xf2ce8d3897ac5009a131637d3575f1f91c579bd08eecce6ae2b2da0f32bbe6f1,0xd960ba40d275c93da76501a617983196e8f42226
0xf2ce8d3897ac5009a131637d3575f1f91c579bd08eecce6ae2b2da0f32bbe6f1,0x10fa2b884c75f9b671abfbeae25652ab62800858
0xf2ce8d3897ac5009a131637d3575f1f91c579bd08eecce6ae2b2da0f32bbe6f1,0x203bb6ae036de0256e1bc649220482fffc55acd1
0xf2ce8d3897ac5009a131637d3575f1f91c579bd08eecce6ae2b2da0f32bbe6f1,0x5b924d6a6439dee0388beb905f5dbd4f25e32d82
0xf2ce8d3897ac5009a131637d3575f1f91c579bd08eecce6ae2b2da0f32bbe6f1,0x11129afb998affdec4045415aa7d773cd395ee14
0xf2ce8d3897ac5009a131637d3575f1f91c579bd08eecce6ae2b2da0f32bbe6f1,0xd9fc2a035b4e3d42b144e112f3b7ed7951fb6bd2
0xf2ce8d3897ac5009a131637d3575f1f91c579bd08eecce6ae2b2da0f32bbe6f1,0x5ba352a06a10aa9cb2854bd676a858b1ba97d357
0xfc4453f83b30fdad8ac707b7bd11309aa4c4c90d0c17ad0c4680d4142d4471f7,0x112f70794a2e484dc54fe2216fd2566762b06077
0xf2ce8d3897ac5009a131637d3575f1f91c579bd08eecce6ae2b2da0f32bbe6f1,0x2c7f59edbcfdd5d8b7d640ffddb0ee716461be25
0x293fb49f43b12631ec4ad0617d9c0efc0eacce33416ef16f68521427daca1678,0x11716cacf750e97110185aca08f049c7d9d02155
0xf2ce8d3897ac5009a131637d3575f1f91c579bd08eecce6ae2b2da0f32bbe6f1,0xae3221a43f12f82ca46b1a2e7bd8a231b0fbf718
0xf2ce8d3897ac5009a131637d3575f1f91c579bd08eecce6ae2b2da0f32bbe6f1,0x1197a93029e95d08ea32e72e1a58d6122c6640bf
0xf2ce8d3897ac5009a131637d3575f1f91c579bd08eecce6ae2b2da0f32bbe6f1,0xae58b3d2cd67ceae6324a4e04b35252a8d9c0cc7
0xf2ce8d3897ac5009a131637d3575f1f91c579bd08eecce6ae2b2da0f32bbe6f1,0x1199a60b7c27fa6c2ee315ba645100c88772a254
0x293fb49f43b12631ec4ad0617d9c0efc0eacce33416ef16f68521427daca1678,0xaec0bf01dbdb9e874ba26afad77c42386c885a19
0xf2ce8d3897ac5009a131637d3575f1f91c579bd08eecce6ae2b2da0f32bbe6f1,0x1572d6f7489f90e1b62f288d46940c0c4ec7de8c
0xf2ce8d3897ac5009a131637d3575f1f91c579bd08eecce6ae2b2da0f32bbe6f1,0x07ad639145ac04d3de3d4ef347431d4efc415d81
0xf2ce8d3897ac5009a131637d3575f1f91c579bd08eecce6ae2b2da0f32bbe6f1,0x15989be4a7fdc07e98ca8fbffdd617b96ed1883f
0xf2ce8d3897ac5009a131637d3575f1f91c579bd08eecce6ae2b2da0f32bbe6f1,0x07b2723e02eecf50e7fca06f7cbe94a028025e0c
0xce733629b3b1bea0649c9c9433401295eb8e1ba6d572803cb53446c93d28cd44,0x2cc5404d4e0623395f507ab1c0fd4b250bbe91d7
0xf2ce8d3897ac5009a131637d3575f1f91c579bd08eecce6ae2b2da0f32bbe6f1,0x07d4245464dc4fa05d0b3f084d82482462dc8991
0xf2ce8d3897ac5009a131637d3575f1f91c579bd08eecce6ae2b2da0f32bbe6f1,0x2d12fa0d2fc8ed4c4d6e25d66ee7267ef38b624c
0xfc4453f83b30fdad8ac707b7bd11309aa4c4c90d0c17ad0c4680d4142d4471f7,0x07d4245464dc4fa05d0b3f084d82482462dc8991
0xf2ce8d3897ac5009a131637d3575f1f91c579bd08eecce6ae2b2da0f32bbe6f1,0x2ee99f35c799ebe752eecdbdba4fcd74a115281f
0xf2ce8d3897ac5009a131637d3575f1f91c579bd08eecce6ae2b2da0f32bbe6f1,0x16123163dea3873d3d5e1f5cd84fb7146a7bde88
0x293fb49f43b12631ec4ad0617d9c0efc0eacce33416ef16f68521427daca1678,0x08145b3b4c9c8bd181ed756a2b7a8e9bd1c8875a
0xf2ce8d3897ac5009a131637d3575f1f91c579bd08eecce6ae2b2da0f32bbe6f1,0x1666ae076f751e532cef7af5ca03c6d52cbcba7b
0xf2ce8d3897ac5009a131637d3575f1f91c579bd08eecce6ae2b2da0f32bbe6f1,0x085ad25d471f01b4f4c7b70f8811065ed77eb581
0xf2ce8d3897ac5009a131637d3575f1f91c579bd08eecce6ae2b2da0f32bbe6f1,0x167602941e2da65f0c2e682069576314a2f24593
0xbff3fad6e9c96b6e3714c52e6d916b1ffb0f52cdfdb77c7fb153a8ef1ebff608,0x16762ca1bd5613eb764a76bc2db9f4c9f278a6c2
0xf2ce8d3897ac5009a131637d3575f1f91c579bd08eecce6ae2b2da0f32bbe6f1,0x3a6e783f24d60554960fa93ecef88f73ae380868
0xfc4453f83b30fdad8ac707b7bd11309aa4c4c90d0c17ad0c4680d4142d4471f7,0x16d69aeebea8ceaebf394e2aa4a8718ca95f8c40
0x293fb49f43b12631ec4ad0617d9c0efc0eacce33416ef16f68521427daca1678,0x3a7c1548345fac6c135a0bfddcf6f9db52e3a586
0xf2ce8d3897ac5009a131637d3575f1f91c579bd08eecce6ae2b2da0f32bbe6f1,0x1783521474d5aeaa062016f7bed7efc43d1c8c72
0x293fb49f43b12631ec4ad0617d9c0efc0eacce33416ef16f68521427daca1678,0x1789af5293ff6468109e309cf36d92e8314371c0
0xf2ce8d3897ac5009a131637d3575f1f91c579bd08eecce6ae2b2da0f32bbe6f1,0x1789af5293ff6468109e309cf36d92e8314371c0
0xfc4453f83b30fdad8ac707b7bd11309aa4c4c90d0c17ad0c4680d4142d4471f7,0x3ab9c5b289134324e596444c192ac6983bcf0800
0x293fb49f43b12631ec4ad0617d9c0efc0eacce33416ef16f68521427daca1678,0x5bfb77b732a252a4062a6561b81d8e7d0cc17764
0xf2ce8d3897ac5009a131637d3575f1f91c579bd08eecce6ae2b2da0f32bbe6f1,0x17bf5610320940d56333c223c213dd65183615a3
0xf2ce8d3897ac5009a131637d3575f1f91c579bd08eecce6ae2b2da0f32bbe6f1,0x5bffcf561bcae83af680ad600cb99f1184d6ffbe
0xf2ce8d3897ac5009a131637d3575f1f91c579bd08eecce6ae2b2da0f32bbe6f1,0x3ccfa2b1520c593176a0051d05072494615b5e33
0xf2ce8d3897ac5009a131637d3575f1f91c579bd08eecce6ae2b2da0f32bbe6f1,0x184e98eb1d39dfb9e7750e860512a9adbcbecf96
0xf2ce8d3897ac5009a131637d3575f1f91c579bd08eecce6ae2b2da0f32bbe6f1,0x5cab16203fe2b10e3f46285a3c046ff1d5e27222
0xf2ce8d3897ac5009a131637d3575f1f91c579bd08eecce6ae2b2da0f32bbe6f1,0x0969ddbaa57a5f7d898f10bebda1ab3332409729
0x293fb49f43b12631ec4ad0617d9c0efc0eacce33416ef16f68521427daca1678,0x5cd1da92cd2756f450fedfc48c1bd737ab2e0446
0xf2ce8d3897ac5009a131637d3575f1f91c579bd08eecce6ae2b2da0f32bbe6f1,0x09d5ad51976fe16bf98355434a45e798accc52a2
0xf2ce8d3897ac5009a131637d3575f1f91c579bd08eecce6ae2b2da0f32bbe6f1,0x5d8dc406027dbbd557c769e3377b8358820a9020
0xf2ce8d3897ac5009a131637d3575f1f91c579bd08eecce6ae2b2da0f32bbe6f1,0x4925095a5a27ab8371ac34b715c7a8783157a45e
0xf2ce8d3897ac5009a131637d3575f1f91c579bd08eecce6ae2b2da0f32bbe6f1,0x5d9f313e1c29bb5b4116852de857b75c285245fd
0xf2ce8d3897ac5009a131637d3575f1f91c579bd08eecce6ae2b2da0f32bbe6f1,0x0a2111416ffc435dd221bcbc0a0c1d652855269f
0xf2ce8d3897ac5009a131637d3575f1f91c579bd08eecce6ae2b2da0f32bbe6f1,0x5dddb59e50fbfc4900f03470d7ed165ca984cf3d
0x293fb49f43b12631ec4ad0617d9c0efc0eacce33416ef16f68521427daca1678,0x0a62bd1f6a70abf89ee914cbff9e340f8e11252a
0xf2ce8d3897ac5009a131637d3575f1f91c579bd08eecce6ae2b2da0f32bbe6f1,0x4a1c3146989659b6d435fb8640f0a268ffa96947
0xf2ce8d3897ac5009a131637d3575f1f91c579bd08eecce6ae2b2da0f32bbe6f1,0x0af6fcd449b542fecd11d7db28c243736a8ee5ab
0xf2ce8d3897ac5009a131637d3575f1f91c579bd08eecce6ae2b2da0f32bbe6f1,0xafd94638c5a6a98ad5c810f98376e65286441b80
0xf2ce8d3897ac5009a131637d3575f1f91c579bd08eecce6ae2b2da0f32bbe6f1,0x5e84b0c2e0f3733d52b2465e44b0a5e12ba542f0
0xfc4453f83b30fdad8ac707b7bd11309aa4c4c90d0c17ad0c4680d4142d4471f7,0x0b3f6f8884d8fc83a431b51af287cc29ff643e2e
0xf2ce8d3897ac5009a131637d3575f1f91c579bd08eecce6ae2b2da0f32bbe6f1,0x4a86412b40ee6167768c9a7edcfa8f1a5ccc90ea
0xfc4453f83b30fdad8ac707b7bd11309aa4c4c90d0c17ad0c4680d4142d4471f7,0x0b644e443a404159a7b5ca4650cf2444b13549bd
0x293fb49f43b12631ec4ad0617d9c0efc0eacce33416ef16f68521427daca1678,0xb083ae2b6e44bf7fba85611a9c36950bbec6b3f0
0xf2ce8d3897ac5009a131637d3575f1f91c579bd08eecce6ae2b2da0f32bbe6f1,0x0b7faba7c20139243d8e1260e9fbf5ac1fdede71
0xfc4453f83b30fdad8ac707b7bd11309aa4c4c90d0c17ad0c4680d4142d4471f7,0xb0a328896eaf4fd1a8705e17a15c24a551f9dc85
0xf2ce8d3897ac5009a131637d3575f1f91c579bd08eecce6ae2b2da0f32bbe6f1,0x0bb0c91e5f08e2107b1d5d5818956775e8d4d813
0x293fb49f43b12631ec4ad0617d9c0efc0eacce33416ef16f68521427daca1678,0xb0c09b8b8d453e0aa329b5d78a4ebbe5d1911d93
0xf2ce8d3897ac5009a131637d3575f1f91c579bd08eecce6ae2b2da0f32bbe6f1,0x0c0e270cf879583d6a0142fc817e05b768d0434e
0xf2ce8d3897ac5009a131637d3575f1f91c579bd08eecce6ae2b2da0f32bbe6f1,0xb0cfe114c4c571ce6b90f7b272540d639f242e16
0xf2ce8d3897ac5009a131637d3575f1f91c579bd08eecce6ae2b2da0f32bbe6f1,0xb15f69c8612b97329dfdd11383bb6aeee049ca3c
0x293fb49f43b12631ec4ad0617d9c0efc0eacce33416ef16f68521427daca1678,0xb166c8a6358d0c5f7b002e4a11252a08e16c7ba1
0xf2ce8d3897ac5009a131637d3575f1f91c579bd08eecce6ae2b2da0f32bbe6f1,0xb166c8a6358d0c5f7b002e4a11252a08e16c7ba1
0xf2ce8d3897ac5009a131637d3575f1f91c579bd08eecce6ae2b2da0f32bbe6f1,0x5e8e15ae54030595283c63d736c3fbe9a518671d
0xf2ce8d3897ac5009a131637d3575f1f91c579bd08eecce6ae2b2da0f32bbe6f1,0xb20d9535726c9af6181249c85417afb36dd529bc
0xbff3fad6e9c96b6e3714c52e6d916b1ffb0f52cdfdb77c7fb153a8ef1ebff608,0x5f14379e363b322bfc18ef4f9d5dd765e4a5d646
0xf2ce8d3897ac5009a131637d3575f1f91c579bd08eecce6ae2b2da0f32bbe6f1,0x5f40ce9d4c30433692116e0159d3393fdb04c5aa
0xf2ce8d3897ac5009a131637d3575f1f91c579bd08eecce6ae2b2da0f32bbe6f1,0x5f75b48ea351f47dc0a199d5dd811e43ae3d1143
0xf2ce8d3897ac5009a131637d3575f1f91c579bd08eecce6ae2b2da0f32bbe6f1,0x5fa4142b2e88c037ac3b3640d4e38bc2fd2334a1
0xf2ce8d3897ac5009a131637d3575f1f91c579bd08eecce6ae2b2da0f32bbe6f1,0x5fd1566cb916efd308be4ca4d8c9f0bb8974ae8e
0xf2ce8d3897ac5009a131637d3575f1f91c579bd08eecce6ae2b2da0f32bbe6f1,0x191278a9064d0dc9db2314e1e2d1fd7b8bf9a1d1
0xf2ce8d3897ac5009a131637d3575f1f91c579bd08eecce6ae2b2da0f32bbe6f1,0x60073655845c95014a540ae3f7375b15801647a3
0xf2ce8d3897ac5009a131637d3575f1f91c579bd08eecce6ae2b2da0f32bbe6f1,0x1920fb2f2b88ae1942be59a8845c4ef38bafa04e
0xf2ce8d3897ac5009a131637d3575f1f91c579bd08eecce6ae2b2da0f32bbe6f1,0x60100abebaffcdb0eb42ad587fe36dddb25a7482
0xf2ce8d3897ac5009a131637d3575f1f91c579bd08eecce6ae2b2da0f32bbe6f1,0x60d6125df1c40dcd61cd88ddf3e115ed5342af98
0xf2ce8d3897ac5009a131637d3575f1f91c579bd08eecce6ae2b2da0f32bbe6f1,0x1a3fb05e94caef23e28905767cd603eb574a6dea
0xf2ce8d3897ac5009a131637d3575f1f91c579bd08eecce6ae2b2da0f32bbe6f1,0x1a8b893eb2ee0ac33ed6e9220189805938e3f77c
0xf2ce8d3897ac5009a131637d3575f1f91c579bd08eecce6ae2b2da0f32bbe6f1,0xb3132b52106ad024afb24ade38317720bcaeadb8
0xbff3fad6e9c96b6e3714c52e6d916b1ffb0f52cdfdb77c7fb153a8ef1ebff608,0xb3507a456cf0c752face096743d8435c872e047a
0xf2ce8d3897ac5009a131637d3575f1f91c579bd08eecce6ae2b2da0f32bbe6f1,0xb3c9bafd3e22114835932b30a9d11715b742c91c
0xf2ce8d3897ac5009a131637d3575f1f91c579bd08eecce6ae2b2da0f32bbe6f1,0xb3ee01da05249ed5f1163d0c4bcec104a3ab1e97
0xf2ce8d3897ac5009a131637d3575f1f91c579bd08eecce6ae2b2da0f32bbe6f1,0xb40d44872572ca462d08e6baba780e00af091474
0xf2ce8d3897ac5009a131637d3575f1f91c579bd08eecce6ae2b2da0f32bbe6f1,0xb47e803f39ed27cc213e83b466db92d2b18dc5b0
0x293fb49f43b12631ec4ad0617d9c0efc0eacce33416ef16f68521427daca1678,0xb48ef6deecd526c0974c35e1f7b5c3bbd12fa144
0xf2ce8d3897ac5009a131637d3575f1f91c579bd08eecce6ae2b2da0f32bbe6f1,0xb48ef6deecd526c0974c35e1f7b5c3bbd12fa144
0x293fb49f43b12631ec4ad0617d9c0efc0eacce33416ef16f68521427daca1678,0x1b177b260ca347097712c98ce91266c1c5e61713
0xf2ce8d3897ac5009a131637d3575f1f91c579bd08eecce6ae2b2da0f32bbe6f1,0x1b177b260ca347097712c98ce91266c1c5e61713
0xf2ce8d3897ac5009a131637d3575f1f91c579bd08eecce6ae2b2da0f32bbe6f1,0x1c4c8a17b46eac13387baa412acc7e17c01b6230
0xf2ce8d3897ac5009a131637d3575f1f91c579bd08eecce6ae2b2da0f32bbe6f1,0x1cda2569dea9ca8d18b36c6f77c64e265419b364
0x293fb49f43b12631ec4ad0617d9c0efc0eacce33416ef16f68521427daca1678,0x57b00c3ccef1b6bd6962fb9ca463c4e0b38e76f4
0xf2ce8d3897ac5009a131637d3575f1f91c579bd08eecce6ae2b2da0f32bbe6f1,0x57b00c3ccef1b6bd6962fb9ca463c4e0b38e76f4
0xf2ce8d3897ac5009a131637d3575f1f91c579bd08eecce6ae2b2da0f32bbe6f1,0x57bec2b7c52601005f897a8549e1146d74c697e9
0xfc4453f83b30fdad8ac707b7bd11309aa4c4c90d0c17ad0c4680d4142d4471f7,0x1d3848dc66a88d2d90f1c447ad7715e0cafdd3c7
0xf2ce8d3897ac5009a131637d3575f1f91c579bd08eecce6ae2b2da0f32bbe6f1,0x57e832dd9da02d14e044202806b4f01e164403b1
0x293fb49f43b12631ec4ad0617d9c0efc0eacce33416ef16f68521427daca1678,0x1d4b94a42c28a9faf646ee1d22b1192d60efe337
0xf2ce8d3897ac5009a131637d3575f1f91c579bd08eecce6ae2b2da0f32bbe6f1,0x61259afb2e8e8a1c130b3808da22f436a3b3bb32
0xf2ce8d3897ac5009a131637d3575f1f91c579bd08eecce6ae2b2da0f32bbe6f1,0x5836704f222215913d85c41c1cf5bab26c15b241
0xf2ce8d3897ac5009a131637d3575f1f91c579bd08eecce6ae2b2da0f32bbe6f1,0x58744f91ed701afdc02d55b0467b09ce62c505f7
0xf2ce8d3897ac5009a131637d3575f1f91c579bd08eecce6ae2b2da0f32bbe6f1,0x58ef718ab5a8cb6cd171052bcca2015a5ca18add
0xf2ce8d3897ac5009a131637d3575f1f91c579bd08eecce6ae2b2da0f32bbe6f1,0x623a4f9ff258d7a8f4d0b3c2c3edd09378820b32
0x293fb49f43b12631ec4ad0617d9c0efc0eacce33416ef16f68521427daca1678,0x626f47f4076578db972fc11f83e42f7ef4e923fa
0xf2ce8d3897ac5009a131637d3575f1f91c579bd08eecce6ae2b2da0f32bbe6f1,0x634062b5c15170c165284651dd9617a5e83f4dfc
0xf2ce8d3897ac5009a131637d3575f1f91c579bd08eecce6ae2b2da0f32bbe6f1,0x64caeb6b0c15256dad9f59631ff17e40fffa8e54
0xf2ce8d3897ac5009a131637d3575f1f91c579bd08eecce6ae2b2da0f32bbe6f1,0x651679f8bb7a6210c1994d7bab0e45dfe8c05b27
0xf2ce8d3897ac5009a131637d3575f1f91c579bd08eecce6ae2b2da0f32bbe6f1,0xb532895e91e79422299d365c6bd0367ac35a916b
0xf2ce8d3897ac5009a131637d3575f1f91c579bd08eecce6ae2b2da0f32bbe6f1,0xb54bbfe8cf942bc5b58a5c94ee88ba266a399750
0xf2ce8d3897ac5009a131637d3575f1f91c579bd08eecce6ae2b2da0f32bbe6f1,0xb555a36b0c954b59087a2f0104d704a1e72ae61b
0xf2ce8d3897ac5009a131637d3575f1f91c579bd08eecce6ae2b2da0f32bbe6f1,0xb7a393e5a29aad779bf36c832de632d5c8d15591
0x293fb49f43b12631ec4ad0617d9c0efc0eacce33416ef16f68521427daca1678,0x6590a488be71e77cb845a928ed10f699515f37ac
0xf2ce8d3897ac5009a131637d3575f1f91c579bd08eecce6ae2b2da0f32bbe6f1,0xb81aaffd88322cd6a318edc3b51709236d63667d
0xbff3fad6e9c96b6e3714c52e6d916b1ffb0f52cdfdb77c7fb153a8ef1ebff608,0x6717b32d18ce6a262514544ac80dc02b48c30054
0x293fb49f43b12631ec4ad0617d9c0efc0eacce33416ef16f68521427daca1678,0x67245b98a383ceb74ce663c3d96e6317c02fe93e
0xf2ce8d3897ac5009a131637d3575f1f91c579bd08eecce6ae2b2da0f32bbe6f1,0xb84cf8218e29a443e1423054f2ae5d6700d2556e
0x293fb49f43b12631ec4ad0617d9c0efc0eacce33416ef16f68521427daca1678,0xb883a22a0fa91439c4ca14d726fc571745108c7d
0xf2ce8d3897ac5009a131637d3575f1f91c579bd08eecce6ae2b2da0f32bbe6f1,0x73b94898190968dc9cbad49749b125bcad17ecc4
0x293fb49f43b12631ec4ad0617d9c0efc0eacce33416ef16f68521427daca1678,0xb8d02daf17c808e4f5ace59e5e5b9935ea06c743
0xf2ce8d3897ac5009a131637d3575f1f91c579bd08eecce6ae2b2da0f32bbe6f1,0x73f6ed5e28f0dcd116812970fa1a367010c7324b
0xf2ce8d3897ac5009a131637d3575f1f91c579bd08eecce6ae2b2da0f32bbe6f1,0x741d5712d29a721666ae8fc1a107246d87a0e4fc
0xfc4453f83b30fdad8ac707b7bd11309aa4c4c90d0c17ad0c4680d4142d4471f7,0x741d5712d29a721666ae8fc1a107246d87a0e4fc
0xf2ce8d3897ac5009a131637d3575f1f91c579bd08eecce6ae2b2da0f32bbe6f1,0xb8fef1cef1758c5a96a04bd4999e37e34806340c
0xf2ce8d3897ac5009a131637d3575f1f91c579bd08eecce6ae2b2da0f32bbe6f1,0xb9112128fc1f14ce26a5501656fc887408e8a649
0xf2ce8d3897ac5009a131637d3575f1f91c579bd08eecce6ae2b2da0f32bbe6f1,0xb919bda258b531452d6f9c49444e88230912ea68
0xf2ce8d3897ac5009a131637d3575f1f91c579bd08eecce6ae2b2da0f32bbe6f1,0xb92523f0dde56df5fc1b305ddfa25c8d672909fc
0xfc4453f83b30fdad8ac707b7bd11309aa4c4c90d0c17ad0c4680d4142d4471f7,0xb9767637453513ffddc37d77e19529dc4f508092
0xfc4453f83b30fdad8ac707b7bd11309aa4c4c90d0c17ad0c4680d4142d4471f7,0x64540c208d2c857731a81d06ce2b46ed5c0d76eb
0x293fb49f43b12631ec4ad0617d9c0efc0eacce33416ef16f68521427daca1678,0xb984f1ba172bca3c0e1c77afcaaeca71e68c2a41
0xf2ce8d3897ac5009a131637d3575f1f91c579bd08eecce6ae2b2da0f32bbe6f1,0x681b39a75da65e03319f702db8d0070f192ebfed
0xf2ce8d3897ac5009a131637d3575f1f91c579bd08eecce6ae2b2da0f32bbe6f1,0x6851efb84b8620efb214dc0dcd4e4e4fa0e6c891
0xf2ce8d3897ac5009a131637d3575f1f91c579bd08eecce6ae2b2da0f32bbe6f1,0xbac0600d047f9dd42baba3dbdbe93cdd931f73c5
0xbff3fad6e9c96b6e3714c52e6d916b1ffb0f52cdfdb77c7fb153a8ef1ebff608,0xbaf7fdac063287ff05927334af6762ddead63033
0xf2ce8d3897ac5009a131637d3575f1f91c579bd08eecce6ae2b2da0f32bbe6f1,0xbb1d8f3e335d3b5615386a790c4ed750791148d8
0xf2ce8d3897ac5009a131637d3575f1f91c579bd08eecce6ae2b2da0f32bbe6f1,0xbc0ad69fcb75a38acc3684acf02ded5cfdfc6fc4
0xf2ce8d3897ac5009a131637d3575f1f91c579bd08eecce6ae2b2da0f32bbe6f1,0x1df60d661957869670e00fd2c4c885d8835528ef
0xf2ce8d3897ac5009a131637d3575f1f91c579bd08eecce6ae2b2da0f32bbe6f1,0x1e3ae99e9d9375834fe1369c7c5fc01171c07046
0xf2ce8d3897ac5009a131637d3575f1f91c579bd08eecce6ae2b2da0f32bbe6f1,0x1ebe59e46cf59e668b9a1cd195753a95cf779348
0x293fb49f43b12631ec4ad0617d9c0efc0eacce33416ef16f68521427daca1678,0x1f0a343513aa6060488fabe96960e6d1e177f7aa
0xf2ce8d3897ac5009a131637d3575f1f91c579bd08eecce6ae2b2da0f32bbe6f1,0x1f0a343513aa6060488fabe96960e6d1e177f7aa
0xf2ce8d3897ac5009a131637d3575f1f91c579bd08eecce6ae2b2da0f32bbe6f1,0x1f7373a24425f6fba56938e007e45a915e347775
0xf2ce8d3897ac5009a131637d3575f1f91c579bd08eecce6ae2b2da0f32bbe6f1,0x74416687453b92a843de6d05810d6d1a12a15ed5
0xf2ce8d3897ac5009a131637d3575f1f91c579bd08eecce6ae2b2da0f32bbe6f1,0x8055ae09bfeeac2f46dffe254cc1868f2df444c4
0xf2ce8d3897ac5009a131637d3575f1f91c579bd08eecce6ae2b2da0f32bbe6f1,0x8084dbf988f0ab9d9994fbce350efb20b8614cc5
0xf2ce8d3897ac5009a131637d3575f1f91c579bd08eecce6ae2b2da0f32bbe6f1,0x80892dd94280faf8083c56743253e1ce6a204eda
0xf2ce8d3897ac5009a131637d3575f1f91c579bd08eecce6ae2b2da0f32bbe6f1,0x80ca7fae2e6ce9c710225df45a676c81d9d25901
0x293fb49f43b12631ec4ad0617d9c0efc0eacce33416ef16f68521427daca1678,0x80de37cf696364147ab80beda574866830f5ef85
0xf2ce8d3897ac5009a131637d3575f1f91c579bd08eecce6ae2b2da0f32bbe6f1,0x80ea12d375b12da7f199972f463b66c750c4f25f
0xf2ce8d3897ac5009a131637d3575f1f91c579bd08eecce6ae2b2da0f32bbe6f1,0x8108fa15b1508df06f974c63bce5ebd0354dd48e
0xbff3fad6e9c96b6e3714c52e6d916b1ffb0f52cdfdb77c7fb153a8ef1ebff608,0x81112aa4030643cd43f8ccd9407e78accbf7489d
0xf2ce8d3897ac5009a131637d3575f1f91c579bd08eecce6ae2b2da0f32bbe6f1,0x812da4d6207100110eca2f41153fbb7c5cefa966
0xf2ce8d3897ac5009a131637d3575f1f91c579bd08eecce6ae2b2da0f32bbe6f1,0x81ab0b0eaff1cc3b6ae043d6dec8652ed0205058
0xf2ce8d3897ac5009a131637d3575f1f91c579bd08eecce6ae2b2da0f32bbe6f1,0x81f04fcc3b371699ddd66d82c63bf840779525ff
0xf2ce8d3897ac5009a131637d3575f1f91c579bd08eecce6ae2b2da0f32bbe6f1,0xbc6c65193d9865f3d544529fa31bfb909077287c
0xf2ce8d3897ac5009a131637d3575f1f91c579bd08eecce6ae2b2da0f32bbe6f1,0x21379958ddd361312241b6c64ae63d3af411dc7b
0x293fb49f43b12631ec4ad0617d9c0efc0eacce33416ef16f68521427daca1678,0xbcd1a38ab103d035c9b317c3b55654d8369dee93
0xf2ce8d3897ac5009a131637d3575f1f91c579bd08eecce6ae2b2da0f32bbe6f1,0xbd5bbe41258c151e1ad95da3c0403fa5877711fe
0xf2ce8d3897ac5009a131637d3575f1f91c579bd08eecce6ae2b2da0f32bbe6f1,0xbd70eebd1374580d4fbbf0291f4b6fba44fdd270
0xf2ce8d3897ac5009a131637d3575f1f91c579bd08eecce6ae2b2da0f32bbe6f1,0x21fd35e1f024ede3cce934b36f83da563326860c
0xf2ce8d3897ac5009a131637d3575f1f91c579bd08eecce6ae2b2da0f32bbe6f1,0x220cf81632aa2835d32758dfbbe2d8200b0fd4f9
0xfc4453f83b30fdad8ac707b7bd11309aa4c4c90d0c17ad0c4680d4142d4471f7,0x220f5da2b49d3455cda153fd435078283eee10cb
0xf2ce8d3897ac5009a131637d3575f1f91c579bd08eecce6ae2b2da0f32bbe6f1,0x8ce546a005e852824393ec9652bec5e3ce5ecc64
0xf2ce8d3897ac5009a131637d3575f1f91c579bd08eecce6ae2b2da0f32bbe6f1,0xbe2ac3d46cb97177daabf7bdb577bb2f61878d6b
0xf2ce8d3897ac5009a131637d3575f1f91c579bd08eecce6ae2b2da0f32bbe6f1,0x8cf715401c5b37228f3d5a1299f77b2c6308305e
0xf2ce8d3897ac5009a131637d3575f1f91c579bd08eecce6ae2b2da0f32bbe6f1,0x8d3971b50677fa05938faa803429faa898821524
0xf2ce8d3897ac5009a131637d3575f1f91c579bd08eecce6ae2b2da0f32bbe6f1,0x8d631cb1f2d5ce4cba5660ed8f8f0debbf1cd51b
0xf2ce8d3897ac5009a131637d3575f1f91c579bd08eecce6ae2b2da0f32bbe6f1,0x8e46cbb1a75f5d0ae92f9afea5722fae204d81ae
0xce733629b3b1bea0649c9c9433401295eb8e1ba6d572803cb53446c93d28cd44,0xbf2c878cd5d6043697b32067be141647deeb097c
0xf2ce8d3897ac5009a131637d3575f1f91c579bd08eecce6ae2b2da0f32bbe6f1,0x68c24bf4a8ad4d79a6fe4b8eec6f93a02dfd1711
0xf2ce8d3897ac5009a131637d3575f1f91c579bd08eecce6ae2b2da0f32bbe6f1,0xbf92ca4580036d699943efeeb399e9a089760d2f
0xfc4453f83b30fdad8ac707b7bd11309aa4c4c90d0c17ad0c4680d4142d4471f7,0x6929a03d433fc68f7d358402e36abbfbecbc5413
0xf2ce8d3897ac5009a131637d3575f1f91c579bd08eecce6ae2b2da0f32bbe6f1,0xc0095a181b58ed976aa7f5f69e7b9a0dea3efe0c
0xf2ce8d3897ac5009a131637d3575f1f91c579bd08eecce6ae2b2da0f32bbe6f1,0x6a10fc6ab2a2cae7c1728aba4f63496cacf7ec6a
0xf2ce8d3897ac5009a131637d3575f1f91c579bd08eecce6ae2b2da0f32bbe6f1,0xc0c61070288d55892ff88ad4bea81673d173c96e
0xf2ce8d3897ac5009a131637d3575f1f91c579bd08eecce6ae2b2da0f32bbe6f1,0xc0d249d1e79c35146965578d410eca788b56ea6e
0x293fb49f43b12631ec4ad0617d9c0efc0eacce33416ef16f68521427daca1678,0xc0e3605c6b4389c182c40027f6dfcb0a67869d21
0xbff3fad6e9c96b6e3714c52e6d916b1ffb0f52cdfdb77c7fb153a8ef1ebff608,0x6a89cf619db303b33e572c04f62be4a0d6ad2a00
0xf2ce8d3897ac5009a131637d3575f1f91c579bd08eecce6ae2b2da0f32bbe6f1,0x6acc7996d9a4d061d9c67c1b842669bed15f05ec
0xf2ce8d3897ac5009a131637d3575f1f91c579bd08eecce6ae2b2da0f32bbe6f1,0x6ae06eccd446342f96109e31eb7451383b511472
0xf2ce8d3897ac5009a131637d3575f1f91c579bd08eecce6ae2b2da0f32bbe6f1,0x6b39e4e9c0a2edb2372e37388dd370c156b8ca6b
0xf2ce8d3897ac5009a131637d3575f1f91c579bd08eecce6ae2b2da0f32bbe6f1,0x6b46877ee45a3f812660beb713f9d8d8c517544f
0xf2ce8d3897ac5009a131637d3575f1f91c579bd08eecce6ae2b2da0f32bbe6f1,0x6b6530dbaa7d091a2b4a5823acd4f26b14f23fab
0xf2ce8d3897ac5009a131637d3575f1f91c579bd08eecce6ae2b2da0f32bbe6f1,0x6bb15080debe58846b83aef3b84875dceb71604b
0xbff3fad6e9c96b6e3714c52e6d916b1ffb0f52cdfdb77c7fb153a8ef1ebff608,0x9023977b4c4dd49bd74440ec02937d68ac21a3b6
0xf2ce8d3897ac5009a131637d3575f1f91c579bd08eecce6ae2b2da0f32bbe6f1,0x6c2ae1dafdc8fa713184d9afa2baa82454949ff7
0x293fb49f43b12631ec4ad0617d9c0efc0eacce33416ef16f68521427daca1678,0x6c4a1e12fd2a4708b1fa81e9b8dec917881be18c
0xf2ce8d3897ac5009a131637d3575f1f91c579bd08eecce6ae2b2da0f32bbe6f1,0x98eb7dbadce4a6cb62c5241ab08ab6528c3caaa0
0xbff3fad6e9c96b6e3714c52e6d916b1ffb0f52cdfdb77c7fb153a8ef1ebff608,0x22f443234b0d9bbdf39b6bb9c86893a14920b633
0xf2ce8d3897ac5009a131637d3575f1f91c579bd08eecce6ae2b2da0f32bbe6f1,0x23c926416a31c3cd22dac6cbc09e58002cb1c004
0xf2ce8d3897ac5009a131637d3575f1f91c579bd08eecce6ae2b2da0f32bbe6f1,0x23d21d8e8be0ad51ae0499748b825652e31f59a7
0xf2ce8d3897ac5009a131637d3575f1f91c579bd08eecce6ae2b2da0f32bbe6f1,0x24e45c2e57f68d7f7b925f2d673d60578e274944
0x293fb49f43b12631ec4ad0617d9c0efc0eacce33416ef16f68521427daca1678,0x250ea552ab599ae10c88b41270c559725759e864
0xf2ce8d3897ac5009a131637d3575f1f91c579bd08eecce6ae2b2da0f32bbe6f1,0x250ea552ab599ae10c88b41270c559725759e864
0xf2ce8d3897ac5009a131637d3575f1f91c579bd08eecce6ae2b2da0f32bbe6f1,0xc1993ddca962a8231dafa529893ce82dbe2e7693
0x293fb49f43b12631ec4ad0617d9c0efc0eacce33416ef16f68521427daca1678,0xc1a58674dbcc1d3208f7e61a0a8b252162caf290
0xf2ce8d3897ac5009a131637d3575f1f91c579bd08eecce6ae2b2da0f32bbe6f1,0xc1a58674dbcc1d3208f7e61a0a8b252162caf290
0xf2ce8d3897ac5009a131637d3575f1f91c579bd08eecce6ae2b2da0f32bbe6f1,0xc1c862f5bca2434d6fdb0ab7a5cdadc78daa6c03
0xf2ce8d3897ac5009a131637d3575f1f91c579bd08eecce6ae2b2da0f32bbe6f1,0xc1cdef00becd1e2cd4a93af1b3539c9ff2691243
0xf2ce8d3897ac5009a131637d3575f1f91c579bd08eecce6ae2b2da0f32bbe6f1,0xc20f6e81c75a5b26d559903fbd04bbc7665bc613
0x293fb49f43b12631ec4ad0617d9c0efc0eacce33416ef16f68521427daca1678,0xc210fc7bce49960564bd461587d4d651c479f0ca
0xf2ce8d3897ac5009a131637d3575f1f91c579bd08eecce6ae2b2da0f32bbe6f1,0xc229d1362bbe33f5455861b3fda95b7c5208b12f
0xf2ce8d3897ac5009a131637d3575f1f91c579bd08eecce6ae2b2da0f32bbe6f1,0xc275b870d6ad3b020a4a778d6f02eb2adcbcffd9
0x293fb49f43b12631ec4ad0617d9c0efc0eacce33416ef16f68521427daca1678,0x2537ee81b7651cedf83c42f2791e418e219e5055
0xf2ce8d3897ac5009a131637d3575f1f91c579bd08eecce6ae2b2da0f32bbe6f1,0xc282b65e6a80eb1d6541222b8ec1f917b4b0f5aa
0xf2ce8d3897ac5009a131637d3575f1f91c579bd08eecce6ae2b2da0f32bbe6f1,0x2568348bcc39c2875fd5e70797b050e316c3ad68
0xf2ce8d3897ac5009a131637d3575f1f91c579bd08eecce6ae2b2da0f32bbe6f1,0xa6a97438709d168c276072c98716dbb1f6d82e01
0xf2ce8d3897ac5009a131637d3575f1f91c579bd08eecce6ae2b2da0f32bbe6f1,0x2583aa8abfa389f57c9f2172189b55c1af7dd9b2
0xf2ce8d3897ac5009a131637d3575f1f91c579bd08eecce6ae2b2da0f32bbe6f1,0xc317da7c9bb22fdb51d02e414060a4c9bd335b24
0xf2ce8d3897ac5009a131637d3575f1f91c579bd08eecce6ae2b2da0f32bbe6f1,0x25e02ed73cd7ce79f6f218e88488a0262903ce5b
0xfc4453f83b30fdad8ac707b7bd11309aa4c4c90d0c17ad0c4680d4142d4471f7,0x26000cad85e948984ec3089c9ad290c2c8f2e435
0xf2ce8d3897ac5009a131637d3575f1f91c579bd08eecce6ae2b2da0f32bbe6f1,0xa7394361aa1a95b84272b98acc3c83769c891ebc
0xf2ce8d3897ac5009a131637d3575f1f91c579bd08eecce6ae2b2da0f32bbe6f1,0xc37c9b5075c113d4bb56792e09cdf1d139ba3527
0x293fb49f43b12631ec4ad0617d9c0efc0eacce33416ef16f68521427daca1678,0x6dd29ff0ce1f4a2f97afd55a3aa9b7d2b6d1b7d7
0xf2ce8d3897ac5009a131637d3575f1f91c579bd08eecce6ae2b2da0f32bbe6f1,0x6e0254bd74e592700ef62d70201b936038dbbfce
0x293fb49f43b12631ec4ad0617d9c0efc0eacce33416ef16f68521427daca1678,0xc6587b11a2209e46dfe3928b31c5514a8e33b784
0xf2ce8d3897ac5009a131637d3575f1f91c579bd08eecce6ae2b2da0f32bbe6f1,0xc6587b11a2209e46dfe3928b31c5514a8e33b784
0xf2ce8d3897ac5009a131637d3575f1f91c579bd08eecce6ae2b2da0f32bbe6f1,0x2720bd76ca5a7d32b768f0d291008e320223b451
0xf2ce8d3897ac5009a131637d3575f1f91c579bd08eecce6ae2b2da0f32bbe6f1,0xa7cf5d1c0c49bbdbff34e36b469aca2ce13ba93d
0xfc4453f83b30fdad8ac707b7bd11309aa4c4c90d0c17ad0c4680d4142d4471f7,0xa815552a1f58832acebff7c5b84bc2c41c580206
0xf2ce8d3897ac5009a131637d3575f1f91c579bd08eecce6ae2b2da0f32bbe6f1,0x27aed7b479101b7436dcf04cd4a26f3d6bd8bf32
0xf2ce8d3897ac5009a131637d3575f1f91c579bd08eecce6ae2b2da0f32bbe6f1,0xc6a8dccc846bcd96c0d6aa7bbceedcce5c4e326e
0xf2ce8d3897ac5009a131637d3575f1f91c579bd08eecce6ae2b2da0f32bbe6f1,0xb6005cbb760300fe45cf032dada7bb82bddc59f1
0xf2ce8d3897ac5009a131637d3575f1f91c579bd08eecce6ae2b2da0f32bbe6f1,0xb657b6594ac8dc54a138a19c49464b4251dbc565
0xbff3fad6e9c96b6e3714c52e6d916b1ffb0f52cdfdb77c7fb153a8ef1ebff608,0xc70d1ee2b62ad46772f78a9fcc1d834232e00880
0xf2ce8d3897ac5009a131637d3575f1f91c579bd08eecce6ae2b2da0f32bbe6f1,0xb6921a9310227bd4f5cc35c092432d49225b9dc4
0xf2ce8d3897ac5009a131637d3575f1f91c579bd08eecce6ae2b2da0f32bbe6f1,0xc3c2d229dabf070403f92315d2f3a67acdfcdcbb
0xf2ce8d3897ac5009a131637d3575f1f91c579bd08eecce6ae2b2da0f32bbe6f1,0xc88eb9ab98663254bff489c515f39f23b76bf3e1
0x293fb49f43b12631ec4ad0617d9c0efc0eacce33416ef16f68521427daca1678,0x6f320329dab9e211eb789811e538c45c9687d3fb
0xf2ce8d3897ac5009a131637d3575f1f91c579bd08eecce6ae2b2da0f32bbe6f1,0x6f320329dab9e211eb789811e538c45c9687d3fb
0x293fb49f43b12631ec4ad0617d9c0efc0eacce33416ef16f68521427daca1678,0x6f41ae801f2bf26d235bbc6fa6d026a50c8959ba
0xf2ce8d3897ac5009a131637d3575f1f91c579bd08eecce6ae2b2da0f32bbe6f1,0x6f41ae801f2bf26d235bbc6fa6d026a50c8959ba
0xfc4453f83b30fdad8ac707b7bd11309aa4c4c90d0c17ad0c4680d4142d4471f7,0x6f42972e004b2e8afb865b6635ef4d91ca70947f
0xf2ce8d3897ac5009a131637d3575f1f91c579bd08eecce6ae2b2da0f32bbe6f1,0x6f66ce953820dab2916564915757b54179e35a98
0xf2ce8d3897ac5009a131637d3575f1f91c579bd08eecce6ae2b2da0f32bbe6f1,0x6ff7160999e3b1d0224511346ce06b10ffc4647d
0x293fb49f43b12631ec4ad0617d9c0efc0eacce33416ef16f68521427daca1678,0x700c071fb9178b3847270bad258af0b750ee9368
0xf2ce8d3897ac5009a131637d3575f1f91c579bd08eecce6ae2b2da0f32bbe6f1,0x705693475ebafabdca02ef4321a085fb54b87c3a
0xf2ce8d3897ac5009a131637d3575f1f91c579bd08eecce6ae2b2da0f32bbe6f1,0x705cb25a76d420a1672a000ca637816caed29273
0xbff3fad6e9c96b6e3714c52e6d916b1ffb0f52cdfdb77c7fb153a8ef1ebff608,0x2982754a5d666a321c5fbf98f2c27fabf8e24d7f
0xf2ce8d3897ac5009a131637d3575f1f91c579bd08eecce6ae2b2da0f32bbe6f1,0x29b0ea6208c9b0149a594ff091d3c7d81d0a124b
0xf2ce8d3897ac5009a131637d3575f1f91c579bd08eecce6ae2b2da0f32bbe6f1,0x2a1513a19ee57f17bdf7035bb3775b79e1ae661d
0xf2ce8d3897ac5009a131637d3575f1f91c579bd08eecce6ae2b2da0f32bbe6f1,0x2a1876963a46cda241a3298cb3665c5507f0169f
0xf2ce8d3897ac5009a131637d3575f1f91c579bd08eecce6ae2b2da0f32bbe6f1,0x2a284556c0026657e5fb5c5b8e3eb264e8bf74c2
0xf2ce8d3897ac5009a131637d3575f1f91c579bd08eecce6ae2b2da0f32bbe6f1,0x2a378854ff081976349052fa5bb6367156021c73
0x293fb49f43b12631ec4ad0617d9c0efc0eacce33416ef16f68521427daca1678,0x70f26a543f59e354a5b3f612f26cb01c1700242b
0xf2ce8d3897ac5009a131637d3575f1f91c579bd08eecce6ae2b2da0f32bbe6f1,0x712de380afb64519a14e9b4b87618f8249d628a1
0xfc4453f83b30fdad8ac707b7bd11309aa4c4c90d0c17ad0c4680d4142d4471f7,0x71a83e10b97e472118fb9e8bcd01b1e5676fb898
0x293fb49f43b12631ec4ad0617d9c0efc0eacce33416ef16f68521427daca1678,0xc4086b708cd3a50880b7069add1a1a80000f4675
0xf2ce8d3897ac5009a131637d3575f1f91c579bd08eecce6ae2b2da0f32bbe6f1,0xc4086b708cd3a50880b7069add1a1a80000f4675
0xf2ce8d3897ac5009a131637d3575f1f91c579bd08eecce6ae2b2da0f32bbe6f1,0x71ed0bc95433cdf1be29f43219725fce9addd9eb
0xf2ce8d3897ac5009a131637d3575f1f91c579bd08eecce6ae2b2da0f32bbe6f1,0xc449f51abb478cfe98ab1e612a38fd08506abd48
0xbff3fad6e9c96b6e3714c52e6d916b1ffb0f52cdfdb77c7fb153a8ef1ebff608,0xc4b8a7d646d583555f1b8cdb2f4fba328765b3f7
0x293fb49f43b12631ec4ad0617d9c0efc0eacce33416ef16f68521427daca1678,0x72500316021301a052a49e30e1cb75f20a14a7ec
0xf2ce8d3897ac5009a131637d3575f1f91c579bd08eecce6ae2b2da0f32bbe6f1,0x2a51c604d1755663dc5e34e8ef4bb8dd808a8c91
0xf2ce8d3897ac5009a131637d3575f1f91c579bd08eecce6ae2b2da0f32bbe6f1,0x2a757920d3c2cf8d17074ea22302f48e99807ae8
0xf2ce8d3897ac5009a131637d3575f1f91c579bd08eecce6ae2b2da0f32bbe6f1,0xca8c7eee48c50fef8e0a133b00c700da3ba22510
0xf2ce8d3897ac5009a131637d3575f1f91c579bd08eecce6ae2b2da0f32bbe6f1,0x2ab546baec1fbf0c35212e5723f6bb6bc61d1d6e
0xf2ce8d3897ac5009a131637d3575f1f91c579bd08eecce6ae2b2da0f32bbe6f1,0x2aff1fed3d29701e4303ba91175eccf6bf0b052e
0xf2ce8d3897ac5009a131637d3575f1f91c579bd08eecce6ae2b2da0f32bbe6f1,0x2b1a791a90de6d9621fe91181a59f038acf7c7ca
0xbff3fad6e9c96b6e3714c52e6d916b1ffb0f52cdfdb77c7fb153a8ef1ebff608,0xcd50108a7139e1a670af2a4ff6920437e959e374
0xf2ce8d3897ac5009a131637d3575f1f91c579bd08eecce6ae2b2da0f32bbe6f1,0xcd71fd5370880f3d92bb941e628c05840fe0d127
0xf2ce8d3897ac5009a131637d3575f1f91c579bd08eecce6ae2b2da0f32bbe6f1,0x2b8a1c09105333626ca76c12a92f0190f13886f9
0xf2ce8d3897ac5009a131637d3575f1f91c579bd08eecce6ae2b2da0f32bbe6f1,0x2b8aa33aaae0265e5b1eecadc5a5d2716a974945
0xf2ce8d3897ac5009a131637d3575f1f91c579bd08eecce6ae2b2da0f32bbe6f1,0xcda125f672ebca9892ff741e40a304fae903d9ad
0x293fb49f43b12631ec4ad0617d9c0efc0eacce33416ef16f68521427daca1678,0x2d99e29c4f066ba32098c65e4c7454b277d94ca3
0xf2ce8d3897ac5009a131637d3575f1f91c579bd08eecce6ae2b2da0f32bbe6f1,0x2db3cde110d3730369fc711e31ab875369a261e7
0xf2ce8d3897ac5009a131637d3575f1f91c579bd08eecce6ae2b2da0f32bbe6f1,0x2e1df125f6134cc56888031fdd459b09e4cc2b7b
0xf2ce8d3897ac5009a131637d3575f1f91c579bd08eecce6ae2b2da0f32bbe6f1,0xce79ce6bd2d7a5fed60a6cf42c4ffc7ce2b8c8bd
0xf2ce8d3897ac5009a131637d3575f1f91c579bd08eecce6ae2b2da0f32bbe6f1,0xced7f1d0275bc2cbd1576ba48290778999092630
0xf2ce8d3897ac5009a131637d3575f1f91c579bd08eecce6ae2b2da0f32bbe6f1,0xcefe67d769b0b3d57dcd8733168ba22a1e708e5d
0xe9c127a8c35f045d37b5344b0a36711084fa20c2fc1618bf178a5386f90610be,0xd834ea875fee874075b93651a452c0c69aeb65d2
0xf2ce8d3897ac5009a131637d3575f1f91c579bd08eecce6ae2b2da0f32bbe6f1,0xd8816fe1389ef5ce837ae9cb99f667b81880102f
0xf2ce8d3897ac5009a131637d3575f1f91c579bd08eecce6ae2b2da0f32bbe6f1,0x72a04f75142cb98afe7e85cc7b8b0600d6a89f83
0xf2ce8d3897ac5009a131637d3575f1f91c579bd08eecce6ae2b2da0f32bbe6f1,0x72dfcefb2eb8527693c95a86225f93eac0185578
0xf2ce8d3897ac5009a131637d3575f1f91c579bd08eecce6ae2b2da0f32bbe6f1,0x733f31431706998f0b6442bbcc1cc3f6f6663e9b
0xf2ce8d3897ac5009a131637d3575f1f91c579bd08eecce6ae2b2da0f32bbe6f1,0x74e4acfd9ea43aee54a2fd7b0391c1f0140ec23f
0xf2ce8d3897ac5009a131637d3575f1f91c579bd08eecce6ae2b2da0f32bbe6f1,0x7567a89b2547b9011ba61a7cb8267bd2da236c48
0xf2ce8d3897ac5009a131637d3575f1f91c579bd08eecce6ae2b2da0f32bbe6f1,0xc9cede2eb17bee278925242e220bb7e6df3be807
0xf2ce8d3897ac5009a131637d3575f1f91c579bd08eecce6ae2b2da0f32bbe6f1,0xc9e9dcc73f4cc849432dd781546a730d404f8cc6
0xf2ce8d3897ac5009a131637d3575f1f91c579bd08eecce6ae2b2da0f32bbe6f1,0xca261ad0e5fa20f79b5f72232563938edd800a37
0xf2ce8d3897ac5009a131637d3575f1f91c579bd08eecce6ae2b2da0f32bbe6f1,0xca4bee3381ace36845aa12bc4f0bf8badffcd78a
0xf2ce8d3897ac5009a131637d3575f1f91c579bd08eecce6ae2b2da0f32bbe6f1,0xca57c7ba3fef7818709107dcfb9848b5de39cdf9
0x293fb49f43b12631ec4ad0617d9c0efc0eacce33416ef16f68521427daca1678,0x2ecd0f874cea3f2a4c0adbe0600ee042dd382c00
0xf2ce8d3897ac5009a131637d3575f1f91c579bd08eecce6ae2b2da0f32bbe6f1,0x30d937f701175589b877184b095101b872fdde4c
0xf2ce8d3897ac5009a131637d3575f1f91c579bd08eecce6ae2b2da0f32bbe6f1,0x30ddf85da145d65ba59a13277969b7363c210c26
0xf2ce8d3897ac5009a131637d3575f1f91c579bd08eecce6ae2b2da0f32bbe6f1,0x3121174fe76e8cd76fabebbef230e951515887a1
0xf2ce8d3897ac5009a131637d3575f1f91c579bd08eecce6ae2b2da0f32bbe6f1,0xd907795ee76e6c4fceab28258f2ffdb03244e2fe
0xf2ce8d3897ac5009a131637d3575f1f91c579bd08eecce6ae2b2da0f32bbe6f1,0x778fdb0afe36f96056f6f17da3c3aa5dc04f86be
0xf2ce8d3897ac5009a131637d3575f1f91c579bd08eecce6ae2b2da0f32bbe6f1,0xccd0658bf67528d0c2022ac2c08893d44da81a82
0xf2ce8d3897ac5009a131637d3575f1f91c579bd08eecce6ae2b2da0f32bbe6f1,0xe67a658b6b9183120b08be43e290eb96c7ecc44d
0xf2ce8d3897ac5009a131637d3575f1f91c579bd08eecce6ae2b2da0f32bbe6f1,0x7818687f1c2cda416877ab68d18d2c9c25f9d185
0xf2ce8d3897ac5009a131637d3575f1f91c579bd08eecce6ae2b2da0f32bbe6f1,0x787b93dca86aece8b4f77e9c50747c5664475824
0xf2ce8d3897ac5009a131637d3575f1f91c579bd08eecce6ae2b2da0f32bbe6f1,0xe72996eecfc30dbf1f90760b71f4ef25cd90cf6c
0xf2ce8d3897ac5009a131637d3575f1f91c579bd08eecce6ae2b2da0f32bbe6f1,0xf20ff3efb89400550deb323032dfb39da564e081
0xf2ce8d3897ac5009a131637d3575f1f91c579bd08eecce6ae2b2da0f32bbe6f1,0x32badfb433289485132cf33487280fe4930584d9
0xf2ce8d3897ac5009a131637d3575f1f91c579bd08eecce6ae2b2da0f32bbe6f1,0x32e166a930428c5504fea5b737427e69d9f1f209
0xe9c127a8c35f045d37b5344b0a36711084fa20c2fc1618bf178a5386f90610be,0x33043e534bf4716efc63a90bdacdf412362375d2
0xfc4453f83b30fdad8ac707b7bd11309aa4c4c90d0c17ad0c4680d4142d4471f7,0xd0313ae964ce338f882f4ed0b41a892c2b2bb594
0xf2ce8d3897ac5009a131637d3575f1f91c579bd08eecce6ae2b2da0f32bbe6f1,0x3328e7e40f20bd9213162b1769900956d5c99449
0xf2ce8d3897ac5009a131637d3575f1f91c579bd08eecce6ae2b2da0f32bbe6f1,0xd044ac8711ba12cf0cc04bc7e961656feffb6fd5
0xf2ce8d3897ac5009a131637d3575f1f91c579bd08eecce6ae2b2da0f32bbe6f1,0x339a6517ef4c5deb315b9dab344fe97bb114c981
0x293fb49f43b12631ec4ad0617d9c0efc0eacce33416ef16f68521427daca1678,0x3419a9fd1934028810c629c4d75c028ccfafa9fb
0xf2ce8d3897ac5009a131637d3575f1f91c579bd08eecce6ae2b2da0f32bbe6f1,0x3466d73d703b54f0f2e00c70dcc4cb1acc42cb3d
0xf2ce8d3897ac5009a131637d3575f1f91c579bd08eecce6ae2b2da0f32bbe6f1,0x349f8a086d9a68caf21d44b8a50098a5f4f4305e
0xf2ce8d3897ac5009a131637d3575f1f91c579bd08eecce6ae2b2da0f32bbe6f1,0x34a44b84e300ca802dd6251220b11268f65849e0
0x293fb49f43b12631ec4ad0617d9c0efc0eacce33416ef16f68521427daca1678,0xfe45b56556711aa48be7887a71ddbc27bcbfa342
0xf2ce8d3897ac5009a131637d3575f1f91c579bd08eecce6ae2b2da0f32bbe6f1,0xfe810c851b9f41eeb10bf15b0d0bc54faa85c590
0xf2ce8d3897ac5009a131637d3575f1f91c579bd08eecce6ae2b2da0f32bbe6f1,0xfe89515f7850b9593817d637068842bba23eb96c
0xf2ce8d3897ac5009a131637d3575f1f91c579bd08eecce6ae2b2da0f32bbe6f1,0xff373a855ec712273b16860c37aaebe50adde6d0
0xfc4453f83b30fdad8ac707b7bd11309aa4c4c90d0c17ad0c4680d4142d4471f7,0xff80300d9ccb53f2311665ee3022e901e015f59f
0xf2ce8d3897ac5009a131637d3575f1f91c579bd08eecce6ae2b2da0f32bbe6f1,0xd05002ecea17aa28cd33b3d2e644920fed4cfbb3
0x293fb49f43b12631ec4ad0617d9c0efc0eacce33416ef16f68521427daca1678,0xd062b1a545fb42c4531f0d1de68e58123d335d4d
0xf2ce8d3897ac5009a131637d3575f1f91c579bd08eecce6ae2b2da0f32bbe6f1,0xd062b1a545fb42c4531f0d1de68e58123d335d4d
0xf2ce8d3897ac5009a131637d3575f1f91c579bd08eecce6ae2b2da0f32bbe6f1,0xd06f0f7719df1b3b75b607923536b3250825d4a6
0xf2ce8d3897ac5009a131637d3575f1f91c579bd08eecce6ae2b2da0f32bbe6f1,0x78ee89dc93659fd1659cd9771aabaac0ec98b7ae
0xf2ce8d3897ac5009a131637d3575f1f91c579bd08eecce6ae2b2da0f32bbe6f1,0x791faca64d7271c4e09248f02b71b3779ccee365
0xf2ce8d3897ac5009a131637d3575f1f91c579bd08eecce6ae2b2da0f32bbe6f1,0x792386cd4c0d85797fb71854004525f98ae6c57a
0xf2ce8d3897ac5009a131637d3575f1f91c579bd08eecce6ae2b2da0f32bbe6f1,0x7991b1ccfd3a38f2968e8b68c929b6dd4efa0b44
0x293fb49f43b12631ec4ad0617d9c0efc0eacce33416ef16f68521427daca1678,0xd1eed20edd22a289839379e89e3470ea1742a8ae
0xf2ce8d3897ac5009a131637d3575f1f91c579bd08eecce6ae2b2da0f32bbe6f1,0xd1ef70e9264655d9a8776d72767d4dfd3545586d
0xf2ce8d3897ac5009a131637d3575f1f91c579bd08eecce6ae2b2da0f32bbe6f1,0xd239ce5e314c9ef3a2696516d173bbfce3a58531
0xf2ce8d3897ac5009a131637d3575f1f91c579bd08eecce6ae2b2da0f32bbe6f1,0x351a52a7a12df76b54f652d89d322bba400d3bc7
0xf2ce8d3897ac5009a131637d3575f1f91c579bd08eecce6ae2b2da0f32bbe6f1,0x35e61dff56ccc1f0a98f895c4e49c787138b22a1
0xf2ce8d3897ac5009a131637d3575f1f91c579bd08eecce6ae2b2da0f32bbe6f1,0x35f87fbef6ba90247c6e943c8a3ccd35f27e5dd6
0xf2ce8d3897ac5009a131637d3575f1f91c579bd08eecce6ae2b2da0f32bbe6f1,0x7b7aa6104f78574b7a7920e32612868f79b01362
0xf2ce8d3897ac5009a131637d3575f1f91c579bd08eecce6ae2b2da0f32bbe6f1,0x3791d1f8d978058ef7bc765995e37f047738158f
0xf2ce8d3897ac5009a131637d3575f1f91c579bd08eecce6ae2b2da0f32bbe6f1,0xd2db7abc15788ad055dccdea2a58eb87366abdb0
0x293fb49f43b12631ec4ad0617d9c0efc0eacce33416ef16f68521427daca1678,0xd34b78e59bd833acfc183974ca97ba3550f93acb
0xf2ce8d3897ac5009a131637d3575f1f91c579bd08eecce6ae2b2da0f32bbe6f1,0x7c3db723f1d4d8cb9c550095203b686cb11e5c6b
0xf2ce8d3897ac5009a131637d3575f1f91c579bd08eecce6ae2b2da0f32bbe6f1,0x7cba17e741cdbe6b524c676b74f45be8b00dc616
0xf2ce8d3897ac5009a131637d3575f1f91c579bd08eecce6ae2b2da0f32bbe6f1,0xd4131790b394ee8da504f16506adbc55353ece5f
0xf2ce8d3897ac5009a131637d3575f1f91c579bd08eecce6ae2b2da0f32bbe6f1,0xd4607cf61f8b3562ac6d71603c8159f6a82dcd20
0xf2ce8d3897ac5009a131637d3575f1f91c579bd08eecce6ae2b2da0f32bbe6f1,0xd4f904ecac0ff22ac6601de6b972d4f8b6b4f619
0xfc4453f83b30fdad8ac707b7bd11309aa4c4c90d0c17ad0c4680d4142d4471f7,0xd4f904ecac0ff22ac6601de6b972d4f8b6b4f619
0xf2ce8d3897ac5009a131637d3575f1f91c579bd08eecce6ae2b2da0f32bbe6f1,0x3846fc0dc5a70635929301a26c7ddf623ce1c908
0xfc4453f83b30fdad8ac707b7bd11309aa4c4c90d0c17ad0c4680d4142d4471f7,0x3889a10f4d04133b3ef850dbcc3dc7d4329b2f4a
0xf2ce8d3897ac5009a131637d3575f1f91c579bd08eecce6ae2b2da0f32bbe6f1,0x3896991c43b87013fa10ab3a7b290769e17f890b
0xf2ce8d3897ac5009a131637d3575f1f91c579bd08eecce6ae2b2da0f32bbe6f1,0x3934ae9467bb0ededa23ea5912815cc8d3ff701e
0xf2ce8d3897ac5009a131637d3575f1f91c579bd08eecce6ae2b2da0f32bbe6f1,0x3af8d3a463abaae5133856d9764481530ea804a6
0x293fb49f43b12631ec4ad0617d9c0efc0eacce33416ef16f68521427daca1678,0x3b0bc86f1fb010a985db68260d9072cebfcca39e
0xf2ce8d3897ac5009a131637d3575f1f91c579bd08eecce6ae2b2da0f32bbe6f1,0x3b0eb316c90090a9358f990f3f4d52f7f785a7f4
0xf2ce8d3897ac5009a131637d3575f1f91c579bd08eecce6ae2b2da0f32bbe6f1,0x7d92d92f4cb52571cdbf682f055e6f7143eece05
0xf2ce8d3897ac5009a131637d3575f1f91c579bd08eecce6ae2b2da0f32bbe6f1,0x7e06dea43b3c9bf17f35bd8545c111a5046318bc
0xf2ce8d3897ac5009a131637d3575f1f91c579bd08eecce6ae2b2da0f32bbe6f1,0x7e0ba1833948c87f06c1cb7b464c4310b808211f
0xf2ce8d3897ac5009a131637d3575f1f91c579bd08eecce6ae2b2da0f32bbe6f1,0x7e187f8bc0be0b2652bd08fccd0ec4251f1134b7
0xf2ce8d3897ac5009a131637d3575f1f91c579bd08eecce6ae2b2da0f32bbe6f1,0xd55915909a8cc72c9517e7c87d88ce88e953593c
0xf2ce8d3897ac5009a131637d3575f1f91c579bd08eecce6ae2b2da0f32bbe6f1,0xd566ecf3bd68e178774069da02e78225426235f7
0x293fb49f43b12631ec4ad0617d9c0efc0eacce33416ef16f68521427daca1678,0x7ea7bcd658a253bfa78618a8e127cc73b54879ac
0xf2ce8d3897ac5009a131637d3575f1f91c579bd08eecce6ae2b2da0f32bbe6f1,0xd5a071ae52d1f2eb4d60c97f827b20e65644fda8
0x293fb49f43b12631ec4ad0617d9c0efc0eacce33416ef16f68521427daca1678,0x7f2928f6f7626b13fbac2d566b834e4764fc0760
0xf2ce8d3897ac5009a131637d3575f1f91c579bd08eecce6ae2b2da0f32bbe6f1,0x7f3c8979d0afa00007bae4747d5347122af05613
0xf2ce8d3897ac5009a131637d3575f1f91c579bd08eecce6ae2b2da0f32bbe6f1,0xd62d768dea8c015dd60e06ea453a0871e9f9c295
0xf2ce8d3897ac5009a131637d3575f1f91c579bd08eecce6ae2b2da0f32bbe6f1,0xd66302504688aeb6768cd434934ef8d2ed629f4f
0xf2ce8d3897ac5009a131637d3575f1f91c579bd08eecce6ae2b2da0f32bbe6f1,0x7fa7eea56ff5d536dea90fd97305d7d5fc8937fb
0xf2ce8d3897ac5009a131637d3575f1f91c579bd08eecce6ae2b2da0f32bbe6f1,0xda3554c7677fd71328665cf7852c86c742b349aa
0x293fb49f43b12631ec4ad0617d9c0efc0eacce33416ef16f68521427daca1678,0xda4a944afb20b0f0b5b9e94ae150b03676e59ba8
0xf2ce8d3897ac5009a131637d3575f1f91c579bd08eecce6ae2b2da0f32bbe6f1,0xda89fc0495c40b0de8df43f31ebb9949b80ef7cd
0xf2ce8d3897ac5009a131637d3575f1f91c579bd08eecce6ae2b2da0f32bbe6f1,0xdaa25274231919b45bd32e37175a2209b83161f8
0xf2ce8d3897ac5009a131637d3575f1f91c579bd08eecce6ae2b2da0f32bbe6f1,0xdaa324096ed22829dc9351c9a40699f1f451e029
0xf2ce8d3897ac5009a131637d3575f1f91c579bd08eecce6ae2b2da0f32bbe6f1,0xdaa877e44c28aef8394d22fd6b2395bdd6d6a439
0xf2ce8d3897ac5009a131637d3575f1f91c579bd08eecce6ae2b2da0f32bbe6f1,0x82b4f3ce9a59adf53c9d296aadbb4fe01c3aff5b
0xce733629b3b1bea0649c9c9433401295eb8e1ba6d572803cb53446c93d28cd44,0x3b7f9d54730d224f6e4188ac1704d1391d66ed4d
0xf2ce8d3897ac5009a131637d3575f1f91c579bd08eecce6ae2b2da0f32bbe6f1,0x3b91c0de58925787f14985328d94bd78ceb2e572
0xf2ce8d3897ac5009a131637d3575f1f91c579bd08eecce6ae2b2da0f32bbe6f1,0x83c91b1cc6f804ba349c38d893e0523bd23b79d2
0xf2ce8d3897ac5009a131637d3575f1f91c579bd08eecce6ae2b2da0f32bbe6f1,0x3bd8a6fb7d0a97bfc09c63fdae54afcb2ffa14dc
0xf2ce8d3897ac5009a131637d3575f1f91c579bd08eecce6ae2b2da0f32bbe6f1,0x3becbc0eee74166a639d4958819bd14c5a6d3d17
0xf2ce8d3897ac5009a131637d3575f1f91c579bd08eecce6ae2b2da0f32bbe6f1,0x3c21610aed862115654f35d80615d63e339804cd
0xf2ce8d3897ac5009a131637d3575f1f91c579bd08eecce6ae2b2da0f32bbe6f1,0x3d2eb8e3c9cca9b00d27c5cae14814469079c986
0x293fb49f43b12631ec4ad0617d9c0efc0eacce33416ef16f68521427daca1678,0x3d3d672dfca0972e4294f866386e3e4b063c4886
0xf2ce8d3897ac5009a131637d3575f1f91c579bd08eecce6ae2b2da0f32bbe6f1,0x854767549cb6d0f7242083fa8410097c652303c2
0x293fb49f43b12631ec4ad0617d9c0efc0eacce33416ef16f68521427daca1678,0x3dd8722827bee815ae8dccd1080576fb42f2d3dd
0xf2ce8d3897ac5009a131637d3575f1f91c579bd08eecce6ae2b2da0f32bbe6f1,0xdcb20a5c24aa616747f19beabff6152c69863e05
0xf2ce8d3897ac5009a131637d3575f1f91c579bd08eecce6ae2b2da0f32bbe6f1,0xdcbc048ed0175aef5cd7bde4d567efdaac3da246
0xf2ce8d3897ac5009a131637d3575f1f91c579bd08eecce6ae2b2da0f32bbe6f1,0x3e5cbd16082865fce1ad43f8400655444b671522
0xf2ce8d3897ac5009a131637d3575f1f91c579bd08eecce6ae2b2da0f32bbe6f1,0x3e73d1dddd41076dde3db154be0aa46118f848c1
0xf2ce8d3897ac5009a131637d3575f1f91c579bd08eecce6ae2b2da0f32bbe6f1,0x402205e04c44f3392ec04c6c3d4db80257d8c4d6
0xf2ce8d3897ac5009a131637d3575f1f91c579bd08eecce6ae2b2da0f32bbe6f1,0x406bc0a0f42ab72d045b724aff4ea3c1a1788102
0xfc4453f83b30fdad8ac707b7bd11309aa4c4c90d0c17ad0c4680d4142d4471f7,0x855045593a967f7f3237282436b761f3dd03f50a
0xf2ce8d3897ac5009a131637d3575f1f91c579bd08eecce6ae2b2da0f32bbe6f1,0x856bafa13dbf32906fde469d056d44a4721d3cd4
0xf2ce8d3897ac5009a131637d3575f1f91c579bd08eecce6ae2b2da0f32bbe6f1,0xdea3185abaa3620f366d8ace8b10be212d99e981
0xf2ce8d3897ac5009a131637d3575f1f91c579bd08eecce6ae2b2da0f32bbe6f1,0xdeabdaa3038b50aa685ffcd2c7fa2bde820e7fa9
0xf2ce8d3897ac5009a131637d3575f1f91c579bd08eecce6ae2b2da0f32bbe6f1,0x87d35b2d3ada8078b827b118528383c74ef4a569
0xf2ce8d3897ac5009a131637d3575f1f91c579bd08eecce6ae2b2da0f32bbe6f1,0xdf86637cf762039a54a5b4c77286233c99d9354c
0xf2ce8d3897ac5009a131637d3575f1f91c579bd08eecce6ae2b2da0f32bbe6f1,0xe05bc8e30907442e7932dc57d5f3321d11ffc565
0xf2ce8d3897ac5009a131637d3575f1f91c579bd08eecce6ae2b2da0f32bbe6f1,0x89cb969fe7d7c68733cde781bf43fa7e2dbd9aa8
0xf2ce8d3897ac5009a131637d3575f1f91c579bd08eecce6ae2b2da0f32bbe6f1,0x411de181f36a1c83cdc07e897631fd87aa6914ad
0xf2ce8d3897ac5009a131637d3575f1f91c579bd08eecce6ae2b2da0f32bbe6f1,0x4286369abdfdc6a05978342e6810f9273076d8b9
0xfc4453f83b30fdad8ac707b7bd11309aa4c4c90d0c17ad0c4680d4142d4471f7,0x43359fea3ac9d4521c6269b28e73e8f5925b85f4
0xf2ce8d3897ac5009a131637d3575f1f91c579bd08eecce6ae2b2da0f32bbe6f1,0xe1115d427a3e6c2a1d93c44e8f46e2157c27feef
0xf2ce8d3897ac5009a131637d3575f1f91c579bd08eecce6ae2b2da0f32bbe6f1,0xe13eae2bb396bcd77cb37edf7fbfd8dd4b6ce0aa
0xf2ce8d3897ac5009a131637d3575f1f91c579bd08eecce6ae2b2da0f32bbe6f1,0xe186e6b1c7ca29adab5517d9a9dcab7a2f3879e9
0xf2ce8d3897ac5009a131637d3575f1f91c579bd08eecce6ae2b2da0f32bbe6f1,0xe1a4a94a04fd0c61fbffafdbf11122ec0827f363
0xfc4453f83b30fdad8ac707b7bd11309aa4c4c90d0c17ad0c4680d4142d4471f7,0xe1a4a94a04fd0c61fbffafdbf11122ec0827f363
0xf2ce8d3897ac5009a131637d3575f1f91c579bd08eecce6ae2b2da0f32bbe6f1,0xe1e24a2ae12c8af2f41ac91fea3928423e039629
0xce733629b3b1bea0649c9c9433401295eb8e1ba6d572803cb53446c93d28cd44,0xe1f4e51fdd38abc3381f239abf29db91deddd0e7
0xce733629b3b1bea0649c9c9433401295eb8e1ba6d572803cb53446c93d28cd44,0x43c692d092454458e5669cd8f248482f071867c0
0xf2ce8d3897ac5009a131637d3575f1f91c579bd08eecce6ae2b2da0f32bbe6f1,0x43ffe953a822e268d8e159650f393adc0b2bb7a1
0xf2ce8d3897ac5009a131637d3575f1f91c579bd08eecce6ae2b2da0f32bbe6f1,0x445def3ec441c34e536a3f2ffb6c47581e206ba4
0xe9c127a8c35f045d37b5344b0a36711084fa20c2fc1618bf178a5386f90610be,0x455bb97abc0776477506702c5ca9a40da34d64f5
0xf2ce8d3897ac5009a131637d3575f1f91c579bd08eecce6ae2b2da0f32bbe6f1,0x455bb97abc0776477506702c5ca9a40da34d64f5
0x293fb49f43b12631ec4ad0617d9c0efc0eacce33416ef16f68521427daca1678,0x45d0c30cad0efb995a3c7c5e06df090b109430d9
0xf2ce8d3897ac5009a131637d3575f1f91c579bd08eecce6ae2b2da0f32bbe6f1,0x45e856f0023259664606b6c370e82d072b24cc6c
0xfc4453f83b30fdad8ac707b7bd11309aa4c4c90d0c17ad0c4680d4142d4471f7,0x8a2ba50986b522affaa9a51022b67a2e3aa218df
0x293fb49f43b12631ec4ad0617d9c0efc0eacce33416ef16f68521427daca1678,0x8a4c788f043023b8b28a762216d037e9f148532b
0xf2ce8d3897ac5009a131637d3575f1f91c579bd08eecce6ae2b2da0f32bbe6f1,0x8a4c788f043023b8b28a762216d037e9f148532b
0xf2ce8d3897ac5009a131637d3575f1f91c579bd08eecce6ae2b2da0f32bbe6f1,0x8a7b576b7a53ef54876f9eca18bcd84f12d8782f
0x293fb49f43b12631ec4ad0617d9c0efc0eacce33416ef16f68521427daca1678,0x8aecc2dd2a9f0109362e669215da9597292fcc6b
0xf2ce8d3897ac5009a131637d3575f1f91c579bd08eecce6ae2b2da0f32bbe6f1,0x8afb9d3bf16c3ee2df670f69ccfd066a3a399fd6
0x293fb49f43b12631ec4ad0617d9c0efc0eacce33416ef16f68521427daca1678,0x8b2c6df8490474efc8f07c96b89efff1e6347cc8
0xf2ce8d3897ac5009a131637d3575f1f91c579bd08eecce6ae2b2da0f32bbe6f1,0xe35d7fd3628926833a278ea449f41ab205283160
0xf2ce8d3897ac5009a131637d3575f1f91c579bd08eecce6ae2b2da0f32bbe6f1,0x8b961d9a59717d1f09b8d9b502ed548a946391be
0xfc4453f83b30fdad8ac707b7bd11309aa4c4c90d0c17ad0c4680d4142d4471f7,0xe3e6908f26f17049da82470f5abff3c49dcf366b
0xf2ce8d3897ac5009a131637d3575f1f91c579bd08eecce6ae2b2da0f32bbe6f1,0xe40362b6d2c1eb1134da886f4c64f02f08f6e5a4
0xf2ce8d3897ac5009a131637d3575f1f91c579bd08eecce6ae2b2da0f32bbe6f1,0x463a01487481b71cfba9214ff386e5a55fe3d863
0xf2ce8d3897ac5009a131637d3575f1f91c579bd08eecce6ae2b2da0f32bbe6f1,0x468494af3e90c680a8a980a2b0be9bcdee8d7738
0xf2ce8d3897ac5009a131637d3575f1f91c579bd08eecce6ae2b2da0f32bbe6f1,0x46ac66b8bc93bbfb74b6e6ef87d92ca583e7566d
0xf2ce8d3897ac5009a131637d3575f1f91c579bd08eecce6ae2b2da0f32bbe6f1,0x8c68b406c888009d85e514d2ae20038f95bb5daa
0xf2ce8d3897ac5009a131637d3575f1f91c579bd08eecce6ae2b2da0f32bbe6f1,0x8c71e48fb03bf52836806677c6529b083ed519a9
0xce733629b3b1bea0649c9c9433401295eb8e1ba6d572803cb53446c93d28cd44,0x8f2e35edc1784f11e6e1a13a75ef474fbea8caf6
0x293fb49f43b12631ec4ad0617d9c0efc0eacce33416ef16f68521427daca1678,0x8f334aefde558187448929a16cc6ac08d985d261
0xf2ce8d3897ac5009a131637d3575f1f91c579bd08eecce6ae2b2da0f32bbe6f1,0x472a4c9b913f4453394ca1796c75fdf1cf149033
0xbff3fad6e9c96b6e3714c52e6d916b1ffb0f52cdfdb77c7fb153a8ef1ebff608,0x8f50160c164f4882f1866253b5d248b15d3a1fb6
0x293fb49f43b12631ec4ad0617d9c0efc0eacce33416ef16f68521427daca1678,0x472ed830a5bc6ca98395ca745b110a5a3c9a85eb
0xf2ce8d3897ac5009a131637d3575f1f91c579bd08eecce6ae2b2da0f32bbe6f1,0x47347e211cfbb9e978670885416e52e34e30d6b4
0xf2ce8d3897ac5009a131637d3575f1f91c579bd08eecce6ae2b2da0f32bbe6f1,0x8f71a98ef97c10b4374ca5cc95299535602880cd
0xf2ce8d3897ac5009a131637d3575f1f91c579bd08eecce6ae2b2da0f32bbe6f1,0x47b651a099e813f8f5dfd86f68e25bf4e69c377c
0xf2ce8d3897ac5009a131637d3575f1f91c579bd08eecce6ae2b2da0f32bbe6f1,0x8fbe8ad0c534116ed5af5a24eceb19eafd0d4a21
0x293fb49f43b12631ec4ad0617d9c0efc0eacce33416ef16f68521427daca1678,0x47c82693cd063e25ff3ee23e6fe04c41e87420d5
0x293fb49f43b12631ec4ad0617d9c0efc0eacce33416ef16f68521427daca1678,0x912a58103662ebe2e30328a305bc33131eca0f92
0xbff3fad6e9c96b6e3714c52e6d916b1ffb0f52cdfdb77c7fb153a8ef1ebff608,0x912a58103662ebe2e30328a305bc33131eca0f92
0xe9c127a8c35f045d37b5344b0a36711084fa20c2fc1618bf178a5386f90610be,0x912a58103662ebe2e30328a305bc33131eca0f92
0xf2ce8d3897ac5009a131637d3575f1f91c579bd08eecce6ae2b2da0f32bbe6f1,0x912a58103662ebe2e30328a305bc33131eca0f92
0xfc4453f83b30fdad8ac707b7bd11309aa4c4c90d0c17ad0c4680d4142d4471f7,0x912a58103662ebe2e30328a305bc33131eca0f92
0xf2ce8d3897ac5009a131637d3575f1f91c579bd08eecce6ae2b2da0f32bbe6f1,0xe4b30a9e19a01594a7ff0f6a370d722f00bdaea5
0xf2ce8d3897ac5009a131637d3575f1f91c579bd08eecce6ae2b2da0f32bbe6f1,0xe4f137f361274c7e2e98b130650f2abe30c9b3dc
0x293fb49f43b12631ec4ad0617d9c0efc0eacce33416ef16f68521427daca1678,0xe50b63086d0015f04478ce3266c913b96c9a8bde
0xf2ce8d3897ac5009a131637d3575f1f91c579bd08eecce6ae2b2da0f32bbe6f1,0x48fb184910e63b2f70ba1bb388518815259e6910
0xf2ce8d3897ac5009a131637d3575f1f91c579bd08eecce6ae2b2da0f32bbe6f1,0xe58f8c58332060d7a0d00b97f3c22c0314f77040
0xf2ce8d3897ac5009a131637d3575f1f91c579bd08eecce6ae2b2da0f32bbe6f1,0x4910842d27c641e6c23c6680c115da4db100c095
0xf2ce8d3897ac5009a131637d3575f1f91c579bd08eecce6ae2b2da0f32bbe6f1,0x491a67563354f6fe9a72960deb6e3d850936c0fb
0xf2ce8d3897ac5009a131637d3575f1f91c579bd08eecce6ae2b2da0f32bbe6f1,0x4bd8d58a18ceea9f82bc512505554711f2ea5c53
0xf2ce8d3897ac5009a131637d3575f1f91c579bd08eecce6ae2b2da0f32bbe6f1,0x924b11e1acebb8a666ca8d700e4a608e4e0835e3
0xf2ce8d3897ac5009a131637d3575f1f91c579bd08eecce6ae2b2da0f32bbe6f1,0xe5bc7cfcf73b189c7dc09feaa97b37878e873c8b
0xf2ce8d3897ac5009a131637d3575f1f91c579bd08eecce6ae2b2da0f32bbe6f1,0xe5ca16e529524fec32e58165a2f1b4a83362132f
0xf2ce8d3897ac5009a131637d3575f1f91c579bd08eecce6ae2b2da0f32bbe6f1,0xe5e5c938c0f258a54033941d62b7e520be972670
0xf2ce8d3897ac5009a131637d3575f1f91c579bd08eecce6ae2b2da0f32bbe6f1,0xe74995389bfc1c24ca656e6c2502c1fca757f771
0xfc4453f83b30fdad8ac707b7bd11309aa4c4c90d0c17ad0c4680d4142d4471f7,0xe74995389bfc1c24ca656e6c2502c1fca757f771
0x293fb49f43b12631ec4ad0617d9c0efc0eacce33416ef16f68521427daca1678,0xe74e28dd0223261f3b06ff8bf08d79cba24fbc73
0xf2ce8d3897ac5009a131637d3575f1f91c579bd08eecce6ae2b2da0f32bbe6f1,0x94265a50394db0dce4bee900a72ce41071578a71
0xf2ce8d3897ac5009a131637d3575f1f91c579bd08eecce6ae2b2da0f32bbe6f1,0xe804ef0c4ed458a01ab1db89db403e786e9da681
0xf2ce8d3897ac5009a131637d3575f1f91c579bd08eecce6ae2b2da0f32bbe6f1,0xe8493d9c2f607e26404cbc3d80c824e5c116fdfa
0xfc4453f83b30fdad8ac707b7bd11309aa4c4c90d0c17ad0c4680d4142d4471f7,0xe86e5c9487779eaa421910f993e574162ff68642
0xf2ce8d3897ac5009a131637d3575f1f91c579bd08eecce6ae2b2da0f32bbe6f1,0xe8997a602e3a2c2a287e6a3eeeec6e6fedd8bfa0
0xf2ce8d3897ac5009a131637d3575f1f91c579bd08eecce6ae2b2da0f32bbe6f1,0x94c126b5604e707e1a47a4e139544d57412e5392
0xf2ce8d3897ac5009a131637d3575f1f91c579bd08eecce6ae2b2da0f32bbe6f1,0x94d796fc8b0430a9362e330fe30201a9170c4956
0xf2ce8d3897ac5009a131637d3575f1f91c579bd08eecce6ae2b2da0f32bbe6f1,0x9566c29d14d01f405dc59722d15811cd5eb34b4d
0xf2ce8d3897ac5009a131637d3575f1f91c579bd08eecce6ae2b2da0f32bbe6f1,0x9691ae33d67e535c262ffa62ffe80412b4143727
0xf2ce8d3897ac5009a131637d3575f1f91c579bd08eecce6ae2b2da0f32bbe6f1,0x4bfb41d5b3570defd03c39a9a4d8de6bd8b8982e
0xfc4453f83b30fdad8ac707b7bd11309aa4c4c90d0c17ad0c4680d4142d4471f7,0x96acd81199251edfe908f0db065e4cd6f9749c1f
0xf2ce8d3897ac5009a131637d3575f1f91c579bd08eecce6ae2b2da0f32bbe6f1,0x96b0c1e01d4884fee1fcc3764b1e344d5b62fcf7
0x293fb49f43b12631ec4ad0617d9c0efc0eacce33416ef16f68521427daca1678,0x4c3f485bc15a3e84e9be832851449ca1bb07ff4b
0xf2ce8d3897ac5009a131637d3575f1f91c579bd08eecce6ae2b2da0f32bbe6f1,0x4e1cc088894ea62aeca5afec0a44e8f013fb60d9
0xf2ce8d3897ac5009a131637d3575f1f91c579bd08eecce6ae2b2da0f32bbe6f1,0x4e8b684686f26cbe80f3660738d7f67d74f81ea1
0xf2ce8d3897ac5009a131637d3575f1f91c579bd08eecce6ae2b2da0f32bbe6f1,0x4eaf386b881be1813b4ba10092a5b17666b75476
0xf2ce8d3897ac5009a131637d3575f1f91c579bd08eecce6ae2b2da0f32bbe6f1,0x4ed3898786e7c914f4b8f680b288242be009fc05
0xf2ce8d3897ac5009a131637d3575f1f91c579bd08eecce6ae2b2da0f32bbe6f1,0x4ee44a0acf9206311f13acd47e23deb3ee377bca
0xf2ce8d3897ac5009a131637d3575f1f91c579bd08eecce6ae2b2da0f32bbe6f1,0xe9340f23f78af800a08ad812af9d0ddc56c8c7fb
0xf2ce8d3897ac5009a131637d3575f1f91c579bd08eecce6ae2b2da0f32bbe6f1,0xe947b0748c6f37c656c7674636f93b4c527c7a45
0xf2ce8d3897ac5009a131637d3575f1f91c579bd08eecce6ae2b2da0f32bbe6f1,0xeb6f945764cb22cdafef8d6e2f554763171a4da4
0xf2ce8d3897ac5009a131637d3575f1f91c579bd08eecce6ae2b2da0f32bbe6f1,0xeba03ecf39586f2144053274603b2b6194af1238
0x293fb49f43b12631ec4ad0617d9c0efc0eacce33416ef16f68521427daca1678,0xebb9d65fb76a547f53a74538142646a9222e20ed
0xf2ce8d3897ac5009a131637d3575f1f91c579bd08eecce6ae2b2da0f32bbe6f1,0xebbb98da103c3c61892fa9e1d2702fb8bfc18e9f
0x293fb49f43b12631ec4ad0617d9c0efc0eacce33416ef16f68521427daca1678,0xec3447beb090426a7e8780727aa48666d22be8d1
0xe9c127a8c35f045d37b5344b0a36711084fa20c2fc1618bf178a5386f90610be,0xec8308309145772ee52af9c4e23e701c9e2f46a3
0xf2ce8d3897ac5009a131637d3575f1f91c579bd08eecce6ae2b2da0f32bbe6f1,0xecc7b7af1c0e22cb36febcba0638c1b7ace33527
0xf2ce8d3897ac5009a131637d3575f1f91c579bd08eecce6ae2b2da0f32bbe6f1,0x97445a6be956362716061b5b89766a3722c4eb9c
0xf2ce8d3897ac5009a131637d3575f1f91c579bd08eecce6ae2b2da0f32bbe6f1,0x976f538f38811ceffd673ffc37045f7395c264df
0xfc4453f83b30fdad8ac707b7bd11309aa4c4c90d0c17ad0c4680d4142d4471f7,0x976f538f38811ceffd673ffc37045f7395c264df
0xf2ce8d3897ac5009a131637d3575f1f91c579bd08eecce6ae2b2da0f32bbe6f1,0x97f49cf6e488cab672faa09bd79df15d913745c6
0xf2ce8d3897ac5009a131637d3575f1f91c579bd08eecce6ae2b2da0f32bbe6f1,0x982d7f40b38c79806a417b9b5f8b19c576114508
0xf2ce8d3897ac5009a131637d3575f1f91c579bd08eecce6ae2b2da0f32bbe6f1,0x985eacc05ba30fc5b0a8fb5d1610219ee3906847
0xf2ce8d3897ac5009a131637d3575f1f91c579bd08eecce6ae2b2da0f32bbe6f1,0x9b6affe201927bcf02a1d1e49a251d7de5783134
0xbff3fad6e9c96b6e3714c52e6d916b1ffb0f52cdfdb77c7fb153a8ef1ebff608,0xed1d643149ac925995f9ec2dfa386891b4e55b7f
0xbff3fad6e9c96b6e3714c52e6d916b1ffb0f52cdfdb77c7fb153a8ef1ebff608,0x9bbd2af42ae875acc6a8ec4172ff6222530f7706
0xf2ce8d3897ac5009a131637d3575f1f91c579bd08eecce6ae2b2da0f32bbe6f1,0x9bfc4bfbd630dac9ee7cecf13b4b8eb9fd7291b6
0xf2ce8d3897ac5009a131637d3575f1f91c579bd08eecce6ae2b2da0f32bbe6f1,0xee1533f089fbcfdb78d32622d5175a33d0c977d8
0xf2ce8d3897ac5009a131637d3575f1f91c579bd08eecce6ae2b2da0f32bbe6f1,0xee5e84d523192d244dce0dffe47595bcd9041edb
0xfc4453f83b30fdad8ac707b7bd11309aa4c4c90d0c17ad0c4680d4142d4471f7,0xef1d6a88dc23cf116064b2d1420f0f1915810dc1
0xf2ce8d3897ac5009a131637d3575f1f91c579bd08eecce6ae2b2da0f32bbe6f1,0x9c0aa73762679a1cec87ea72bfce6ad9ff7b0237
0xf2ce8d3897ac5009a131637d3575f1f91c579bd08eecce6ae2b2da0f32bbe6f1,0x9cb716edea450186acb1be00da9c8e3ff9c261fa
0xf2ce8d3897ac5009a131637d3575f1f91c579bd08eecce6ae2b2da0f32bbe6f1,0x9cc133f0bf088aa3d631539c4b767fadd57092ad
0xf2ce8d3897ac5009a131637d3575f1f91c579bd08eecce6ae2b2da0f32bbe6f1,0x9d7fe65c02c5f4698c8746a9351673e50fcb0f42
0xf2ce8d3897ac5009a131637d3575f1f91c579bd08eecce6ae2b2da0f32bbe6f1,0x9d84ce0306f8551e02efef1680475fc0f1dc1344
0xf2ce8d3897ac5009a131637d3575f1f91c579bd08eecce6ae2b2da0f32bbe6f1,0x9e6540911b66e9843d3c0c8410c3d840f5e1a89b
0xf2ce8d3897ac5009a131637d3575f1f91c579bd08eecce6ae2b2da0f32bbe6f1,0x4f913bc35afbfde35cd185de2c3480a24665b8cb
0xf2ce8d3897ac5009a131637d3575f1f91c579bd08eecce6ae2b2da0f32bbe6f1,0x4fad32d7f464fb1ce60a877d00dde278ca7974d1
0xfc4453f83b30fdad8ac707b7bd11309aa4c4c90d0c17ad0c4680d4142d4471f7,0x50517bbd06b8fa9db7ddc36371c6348b191e3b53
0xf2ce8d3897ac5009a131637d3575f1f91c579bd08eecce6ae2b2da0f32bbe6f1,0xef79baf05431789b693c71e0e5f63d5df2ed96dc
0xf2ce8d3897ac5009a131637d3575f1f91c579bd08eecce6ae2b2da0f32bbe6f1,0xefb92026b8b6a3fb313db5060877d622ab26ed09
0xbff3fad6e9c96b6e3714c52e6d916b1ffb0f52cdfdb77c7fb153a8ef1ebff608,0x514c148d82b97d7cd32dbaa4b45a8776974e3882
0xf2ce8d3897ac5009a131637d3575f1f91c579bd08eecce6ae2b2da0f32bbe6f1,0xeffd766ee856c421834b4583799165b5fe2398be
0xf2ce8d3897ac5009a131637d3575f1f91c579bd08eecce6ae2b2da0f32bbe6f1,0xf056b5796a89bcb5b9d5090ceb9c00f2f8c587a8
0xfc4453f83b30fdad8ac707b7bd11309aa4c4c90d0c17ad0c4680d4142d4471f7,0xf0b0ef1d6320c6be896b4c9c54dd74407e7f8cab
0xf2ce8d3897ac5009a131637d3575f1f91c579bd08eecce6ae2b2da0f32bbe6f1,0xf0fb63959e2b7e7fda5efba29f4428da49d4208e
0xf2ce8d3897ac5009a131637d3575f1f91c579bd08eecce6ae2b2da0f32bbe6f1,0x9f468a27b8c9eea70d4b828da241d0a428c24637
0x293fb49f43b12631ec4ad0617d9c0efc0eacce33416ef16f68521427daca1678,0x51e8d0fda898fefe88a996481ee378776043d101
0x293fb49f43b12631ec4ad0617d9c0efc0eacce33416ef16f68521427daca1678,0x51e8ee0c5b6f625efbde69c0648b85ac638c6abc
0xfc4453f83b30fdad8ac707b7bd11309aa4c4c90d0c17ad0c4680d4142d4471f7,0x51fa5eb8bacc2360847f8ce96863145b15bcd821
0x293fb49f43b12631ec4ad0617d9c0efc0eacce33416ef16f68521427daca1678,0x522658d3a48a309ee9421bf4cc9d6173b6b4b4f5
0xce733629b3b1bea0649c9c9433401295eb8e1ba6d572803cb53446c93d28cd44,0x522658d3a48a309ee9421bf4cc9d6173b6b4b4f5
0xe9c127a8c35f045d37b5344b0a36711084fa20c2fc1618bf178a5386f90610be,0x522658d3a48a309ee9421bf4cc9d6173b6b4b4f5
0xfc4453f83b30fdad8ac707b7bd11309aa4c4c90d0c17ad0c4680d4142d4471f7,0x522658d3a48a309ee9421bf4cc9d6173b6b4b4f5
0xfc4453f83b30fdad8ac707b7bd11309aa4c4c90d0c17ad0c4680d4142d4471f7,0x524370b92c97a64fdfb761e37d5492197718df96
0xf2ce8d3897ac5009a131637d3575f1f91c579bd08eecce6ae2b2da0f32bbe6f1,0x9feaacbb7910b0e3459493ad0a4339c3d37afef0
0xfc4453f83b30fdad8ac707b7bd11309aa4c4c90d0c17ad0c4680d4142d4471f7,0xa020365844032d6b9d6b3e8c0404a88810328bea
0xf2ce8d3897ac5009a131637d3575f1f91c579bd08eecce6ae2b2da0f32bbe6f1,0x52d55601dd9b91db3ec30b28419a29856bd03ba6
0xf2ce8d3897ac5009a131637d3575f1f91c579bd08eecce6ae2b2da0f32bbe6f1,0xa09290733db982e4d888440d24718d19f854f5bb
0xf2ce8d3897ac5009a131637d3575f1f91c579bd08eecce6ae2b2da0f32bbe6f1,0x53061e92167b5ba4f138dc0d32853e64ae5bb824
0xf2ce8d3897ac5009a131637d3575f1f91c579bd08eecce6ae2b2da0f32bbe6f1,0x532fddbfaaa4ac690522c80b581a1042a7848dc3
0xf2ce8d3897ac5009a131637d3575f1f91c579bd08eecce6ae2b2da0f32bbe6f1,0xa102b434ce441a3119e146f75ed6276ee1a836d9
0xf2ce8d3897ac5009a131637d3575f1f91c579bd08eecce6ae2b2da0f32bbe6f1,0x534ded73acd8eddf432bc70d353e0f04d605f525
0xf2ce8d3897ac5009a131637d3575f1f91c579bd08eecce6ae2b2da0f32bbe6f1,0x538f844356bdd33cd979ea8489871db3f69eb40e
0xf2ce8d3897ac5009a131637d3575f1f91c579bd08eecce6ae2b2da0f32bbe6f1,0x53af6e198c320c886e95e820f8378b190100671c
0xf2ce8d3897ac5009a131637d3575f1f91c579bd08eecce6ae2b2da0f32bbe6f1,0xf2b31505538e312c8d5037c78aa199fcd4a77cc2
0xf2ce8d3897ac5009a131637d3575f1f91c579bd08eecce6ae2b2da0f32bbe6f1,0xf2eb4186314c3d8f7c85750181067dade57c27a4
0x293fb49f43b12631ec4ad0617d9c0efc0eacce33416ef16f68521427daca1678,0xf3e3e6892a122c7170d477040063ee70f6575811
0x293fb49f43b12631ec4ad0617d9c0efc0eacce33416ef16f68521427daca1678,0xf3e9e8791ba1a1e7c4f27e3606e417e70a52e384
0x293fb49f43b12631ec4ad0617d9c0efc0eacce33416ef16f68521427daca1678,0xa16769ecb1485f9de090e82cbce29a7327d5ca0b
0xf2ce8d3897ac5009a131637d3575f1f91c579bd08eecce6ae2b2da0f32bbe6f1,0xa16f19d541a6756de5490191f8218016f374b703
0xf2ce8d3897ac5009a131637d3575f1f91c579bd08eecce6ae2b2da0f32bbe6f1,0x545173764457bf8441c3d00c7ddebcfc4b958523
0xf2ce8d3897ac5009a131637d3575f1f91c579bd08eecce6ae2b2da0f32bbe6f1,0xa22c623930ddb2869b78aa7d21417458fa552500
0xf2ce8d3897ac5009a131637d3575f1f91c579bd08eecce6ae2b2da0f32bbe6f1,0xa23f7798832fd7d96da9a4da847fed2c90289a88
0xf2ce8d3897ac5009a131637d3575f1f91c579bd08eecce6ae2b2da0f32bbe6f1,0xa26ee503b04e534570d8e9ab36dbd9b94bebec38
0xf2ce8d3897ac5009a131637d3575f1f91c579bd08eecce6ae2b2da0f32bbe6f1,0x54bbbee2e818dd66b36ae37a178d135fd1bc35e5
0xfc4453f83b30fdad8ac707b7bd11309aa4c4c90d0c17ad0c4680d4142d4471f7,0x54bf5c5f8e1f67666cc0b5774bc392b88010cb7f
0xf2ce8d3897ac5009a131637d3575f1f91c579bd08eecce6ae2b2da0f32bbe6f1,0xa32114e9071f1bf16454f3337a91a77ad3c34a38
0x293fb49f43b12631ec4ad0617d9c0efc0eacce33416ef16f68521427daca1678,0x551a79d6101081d721262a2605187674fc1686b9
0xbff3fad6e9c96b6e3714c52e6d916b1ffb0f52cdfdb77c7fb153a8ef1ebff608,0x551a79d6101081d721262a2605187674fc1686b9
0xf2ce8d3897ac5009a131637d3575f1f91c579bd08eecce6ae2b2da0f32bbe6f1,0x55ba0609e759cea39485021227fc22ec568216d1
0xf2ce8d3897ac5009a131637d3575f1f91c579bd08eecce6ae2b2da0f32bbe6f1,0x560ee50471e33703b653e769966fb632e46e94a0
0xf2ce8d3897ac5009a131637d3575f1f91c579bd08eecce6ae2b2da0f32bbe6f1,0x5781a9a7ed1a3d63db0fe0d8ce31198bb33e7217
0x293fb49f43b12631ec4ad0617d9c0efc0eacce33416ef16f68521427daca1678,0x5b3c815e1658b697dadf0a611411afeb44f48727
0xf2ce8d3897ac5009a131637d3575f1f91c579bd08eecce6ae2b2da0f32bbe6f1,0x5b50155bf8bfb7ff5d2f2a2738e0a1cd707150e4
0xf2ce8d3897ac5009a131637d3575f1f91c579bd08eecce6ae2b2da0f32bbe6f1,0xf5772dd6f2cd500b1f56444e2fc1767d6b989d5b
0xf2ce8d3897ac5009a131637d3575f1f91c579bd08eecce6ae2b2da0f32bbe6f1,0xf5d288d4069a6d4ace41aaf53965ffa4db16076d
0xe9c127a8c35f045d37b5344b0a36711084fa20c2fc1618bf178a5386f90610be,0xf6129c47f5ef4cab25f3aa67b5e3aaac77b15700
0x293fb49f43b12631ec4ad0617d9c0efc0eacce33416ef16f68521427daca1678,0xf687ac5dcd3ea7d7d35a43a3610ce67e1deffc1d
0xf2ce8d3897ac5009a131637d3575f1f91c579bd08eecce6ae2b2da0f32bbe6f1,0xf779d88df0669111ace2b3c33c65c6f124f52b6d
0xf2ce8d3897ac5009a131637d3575f1f91c579bd08eecce6ae2b2da0f32bbe6f1,0xf7d4d9bd909c2d71286495373cf864b39b3ca96b
0xf2ce8d3897ac5009a131637d3575f1f91c579bd08eecce6ae2b2da0f32bbe6f1,0xf7f8cf9b2ec0e062eb04c4afd30fe2aacc65fa40
0xf2ce8d3897ac5009a131637d3575f1f91c579bd08eecce6ae2b2da0f32bbe6f1,0xf83072c380dd7f448e4c581258022957945863fa
0xf2ce8d3897ac5009a131637d3575f1f91c579bd08eecce6ae2b2da0f32bbe6f1,0xf85f2bcf9b6155dad8310d4fb4351b81c7fcddb2
0x293fb49f43b12631ec4ad0617d9c0efc0eacce33416ef16f68521427daca1678,0xf8c8e797e50a3150b93c8207c8891969e97567a5
0xf2ce8d3897ac5009a131637d3575f1f91c579bd08eecce6ae2b2da0f32bbe6f1,0xf8d5a01e661cfe61eebd4298dddcd85240ae4275
0xf2ce8d3897ac5009a131637d3575f1f91c579bd08eecce6ae2b2da0f32bbe6f1,0xf8fb43a0f2e8ffc29408261a0fee4c7648fe19dc
0xf2ce8d3897ac5009a131637d3575f1f91c579bd08eecce6ae2b2da0f32bbe6f1,0xf903227faed81da02b13045c4e2241d92e2f0475
0xf2ce8d3897ac5009a131637d3575f1f91c579bd08eecce6ae2b2da0f32bbe6f1,0xa3dad5e075b620cb9da88d08038e216e9ce54fbe
0xf2ce8d3897ac5009a131637d3575f1f91c579bd08eecce6ae2b2da0f32bbe6f1,0xa4372d01cbfa17b1cdaa902aaf7d1f46d3732155
0xf2ce8d3897ac5009a131637d3575f1f91c579bd08eecce6ae2b2da0f32bbe6f1,0xa473e7ef281447b7349f3e405d2f96d4c945783b
0xf2ce8d3897ac5009a131637d3575f1f91c579bd08eecce6ae2b2da0f32bbe6f1,0xa5412123e77c2079322166f67699757a85495e37
0xf2ce8d3897ac5009a131637d3575f1f91c579bd08eecce6ae2b2da0f32bbe6f1,0xa58892b2f3c9875819383559925dc4a59c0d7a70
0xf2ce8d3897ac5009a131637d3575f1f91c579bd08eecce6ae2b2da0f32bbe6f1,0xa5967dfc1563a550d72ef7164313021a0cee22fd
0xf2ce8d3897ac5009a131637d3575f1f91c579bd08eecce6ae2b2da0f32bbe6f1,0xa5b681fb65a89a713c36e8553a31358d5ee8d54d
0xf2ce8d3897ac5009a131637d3575f1f91c579bd08eecce6ae2b2da0f32bbe6f1,0xa5fc7096bb77f6660d11fb4a9b9f3121228ec0be
0xf2ce8d3897ac5009a131637d3575f1f91c579bd08eecce6ae2b2da0f32bbe6f1,0xa642553dc4e2dbac7c70afdffa259af8932ee3af
0xf2ce8d3897ac5009a131637d3575f1f91c579bd08eecce6ae2b2da0f32bbe6f1,0xa698926d83a487c40e51b6de0c3a7a329ea5be51
0xf2ce8d3897ac5009a131637d3575f1f91c579bd08eecce6ae2b2da0f32bbe6f1,0xf9314f92f8d1a84d35d7e9dce12396c5db3e7035
0x293fb49f43b12631ec4ad0617d9c0efc0eacce33416ef16f68521427daca1678,0xa9b44dca52ed35e59ac2a6f49d1203b8155464ed
0xf2ce8d3897ac5009a131637d3575f1f91c579bd08eecce6ae2b2da0f32bbe6f1,0xa9b44dca52ed35e59ac2a6f49d1203b8155464ed
0xf2ce8d3897ac5009a131637d3575f1f91c579bd08eecce6ae2b2da0f32bbe6f1,0xaa03bdfb3037ca005330befc1b02c7c0bab9f7df
0xfc4453f83b30fdad8ac707b7bd11309aa4c4c90d0c17ad0c4680d4142d4471f7,0xfa0ff55a0689307971829fb15c67ae76879eeb0f
0xf2ce8d3897ac5009a131637d3575f1f91c579bd08eecce6ae2b2da0f32bbe6f1,0xfa933eaa13062b2886016203a5ea3efbad971013
0xf2ce8d3897ac5009a131637d3575f1f91c579bd08eecce6ae2b2da0f32bbe6f1,0xaa73028bf1e0a6556c972f92a098a6067ccd0121
0xf2ce8d3897ac5009a131637d3575f1f91c579bd08eecce6ae2b2da0f32bbe6f1,0xaa990347b4217aa96478ebee8fe6017c7de2b818
0xbff3fad6e9c96b6e3714c52e6d916b1ffb0f52cdfdb77c7fb153a8ef1ebff608,0xaaa51ecba14796b5586e48f92c8d8291c258477f
0xf2ce8d3897ac5009a131637d3575f1f91c579bd08eecce6ae2b2da0f32bbe6f1,0xfb2a3c9c7992fbc07bcdbee07aa0c491acd6edcc
0xf2ce8d3897ac5009a131637d3575f1f91c579bd08eecce6ae2b2da0f32bbe6f1,0xac00af720fa4762fa988528e9bea4584862d15dc
0xf2ce8d3897ac5009a131637d3575f1f91c579bd08eecce6ae2b2da0f32bbe6f1,0xfcb3aca808547ef81bf3c8f9826d78e2c1252aa6
0xf2ce8d3897ac5009a131637d3575f1f91c579bd08eecce6ae2b2da0f32bbe6f1,0xfcf2b76079ad4e08ce3d5c0b1656c8e6d1029ada
0xbff3fad6e9c96b6e3714c52e6d916b1ffb0f52cdfdb77c7fb153a8ef1ebff608,0xfd4d4a0ef57c10531630c9ca323d78369a2cfc11
0xf2ce8d3897ac5009a131637d3575f1f91c579bd08eecce6ae2b2da0f32bbe6f1,0xfdf7538afcf1f5fdbb59b0fc5344bed39e190426